Workbook

Sheet Entry Sheet
A2: =Settings!A3 -> DECOUPES
B3: Week 1 | D3: Week 2 | F3: Week 3 | H3: Week 4 | J3: Week 5 | L3: Week 6 | N3: Week 7 | P3: Week 8 | R3: Week 9 | T3: Week 10 | V3: Week 11 | X3: Week 12 | Z3: Week 13 | AB3: Week 14 | AD3: Finale
A4: Team Rank | B4: 5 | D4: 3 | F4: 2 | H4: 3 | J4: 4 | L4: 5 | N4: 5 | P4: 4 | R4: 5 | T4: 6 | V4: 6 | X4: 5 | Z4: 4 | AB4: 3
A5: QB | B5: J. DANIELS | C5: 24.82 | D5: J. DANIELS | E5: 25.6 | F5: D. JONES | G5: 20.42 | H5: J. FIELDS | I5: 32.44 | J5: J. FIELDS | K5: 34.22 | L5: D. PRESCOTT | M5: 31.74 | N5: D. PRESCOTT | O5: 32.16 | P5: D. PRESCOTT | Q5: 7.02 | R5: D. PRESCOTT | S5: 18.8 | T5: J. DART | U5: 28.68 | V5: D. PRESCOTT | W5: 36.12 | X5: D. PRESCOTT | Y5: 33.76 | Z5: D. PRESCOTT | AA5: 28.1 | AB5: D. PRESCOTT | AC5: 23.14
A6: RB | B6: C. BROWN | C6: 15.2 | D6: C. BROWN | E6: 10.1 | F6: C. BROWN | G6: 7 | H6: B. IRVING | I6: 28 | J6: W. MARKS | K6: 3.1 | L6: R. WHITE | M6: 19.3 | N6: J. GIBBS | O6: 39.5 | P6: R. WHITE | Q6: 9.4 | R6: J. GIBBS | S6: 6.7 | T6: J. GIBBS | U6: 40.7 | V6: J. WARREN | W6: 9.7 | X6: J. GIBBS | Y6: 58.9 | Z6: J. GIBBS | AA6: 13.6 | AB6: B. IRVING | AC6: 17.6
A7: RB | B7: B. IRVING | C7: 15.9 | D7: B. IRVING | E7: 19.8 | F7: B. IRVING | G7: 16.4 | H7: T. BENSON | I7: 11.2 | J7: R. WHITE | K7: 24.5 | L7: J. WARREN | M7: 9.4 | N7: J. WARREN | O7: 22.4 | P7: J. WARREN | Q7: 10.6 | R7: J. WARREN | S7: 18.5 | T7: T. TRACY | U7: 9.5 | V7: R. WHITE | W7: 9.2 | X7: J. WARREN | Y7: 14.6 | Z7: J. WARREN | AA7: 13.4 | AB7: J. GIBBS | AC7: 38.2
A8: RB
A9: WR | B9: C. LAMB | C9: 19 | D9: C. LAMB | E9: 21.2 | F9: C. LAMB | G9: 0 | H9: J. MEYERS | I9: 7 | J9: J. MEYERS | K9: 7.2 | L9: J. MEYERS | M9: 7.9 | N9: C. LAMB | O9: 23 | P9: C. LAMB | Q9: 14.7 | R9: C. LAMB | S9: 15.5 | T9: W. ROBINSON | U9: 12.2 | V9: C. LAMB | W9: 17.6 | X9: C. LAMB | Y9: 11.5 | Z9: C. LAMB | AA9: 25.2 | AB9: C. LAMB | AC9: 19.1
A10: WR | B10: J. MEYERS | C10: 17.7 | D10: J. MEYERS | E10: 12.8 | F10: J. MEYERS | G10: 9.3 | H10: C. GODWIN JR. | I10: 5.6 | J10: C. GODWIN JR. | K10: 5.6 | L10: R. SHAHEED | M10: 7.85 | N10: R. RICE | O10: 23.2 | P10: R. RICE | Q10: 25.7 | R10: R. RICE | S10: 18.8 | T10: G. WILSON | U10: 0 | V10: R. RICE | W10: 9.8 | X10: R. RICE | Y10: 25.1 | Z10: R. RICE | AA10: 29.5 | AB10: R. RICE | AC10: 7.4
A11: WR | B11: T. MCLAURIN | C11: 4.7 | D11: T. MCLAURIN | E11: 9.8 | F11: W. ROBINSON | G11: 3.6 | H11: D. MOONEY | I11: 2.5 | J11: J. TOLBERT | K11: 0 | L11: L. MCCAFFREY | M11: 16.65 | N11: L. MCCAFFREY | O11: 10.45 | P11: D. MOONEY | Q11: 2.1 | R11: K. BOUTTE | S11: 0 | T11: R. DOUBS | U11: 2.6 | V11: W. ROBINSON | W11: 7.6 | X11: W. ROBINSON | Y11: 31.7 | Z11: W. ROBINSON | AA11: 10.4 | AB11: J. MEYERS | AC11: 15.1
A12: WR
A13: TE | B13: T. KELCE | C13: 12.7 | D13: T. KELCE | E13: 10.1 | F13: T. KELCE | G13: 6.6 | H13: T. KRAFT | I13: 10.6 | J13: T. KELCE | K13: 19.1 | L13: T. KELCE | M13: 13.8 | N13: T. KRAFT | O13: 16.8 | P13: T. KRAFT | Q13: 34.3 | R13: T. KRAFT | S13: 4 | T13: D. KINCAID | U13: 5.7 | V13: T. KELCE | W13: 24.1 | X13: T. KELCE | Y13: 8.5 | Z13: T. KELCE | AA13: 15.5 | AB13: T. KELCE | AC13: 1.8
A14: FLEX | B14: S. DIGGS | C14: 11.7 | D14: S. DIGGS | E14: 7.2 | F14: T. KRAFT | G14: 5.9 | H14: C. BROWN | I14: 11.1 | J14: C. BROWN | K14: 12.6 | L14: J. GIBBS | M14: 9.2 | N14: R. WHITE | O14: 9.4 | P14: A. KAMARA | Q14: 7.1 | R14: T. TRACY | S14: 7.2 | T14: J. WARREN | U14: 12.5 | V14: J. GIBBS | W14: 21.8 | X14: J. MEYERS | Y14: 15 | Z14: J. MEYERS | AA14: 21.4 | AB14: J. WARREN | AC14: 16.95
A15: D/ST | B15: LAR D/ST | C15: 21.68 | D15: BUF D/ST | E15: 25.11 | F15: BUF D/ST | G15: 10.95 | H15: BUF D/ST | I15: 18.23 | J15: LAR D/ST | K15: 4.78 | L15: LAR D/ST | M15: 24.25 | N15: KC D/ST | O15: 15.2 | P15: KC D/ST | Q15: 20.34 | R15: LAR D/ST | S15: 13.88 | T15: CLE D/ST | U15: 18.5 | V15: MIA D/ST | W15: 8.29 | X15: JAX D/ST | Y15: 19.39 | Z15: JAX D/ST | AA15: 25.02 | AB15: LAR D/ST | AC15: 17.88
A16: K | B16: J. ELLIOTT | C16: 9 | D16: J. ELLIOTT | E16: 14 | F16: J. ELLIOTT | G16: 3 | H16: J. ELLIOTT | I16: 7 | J16: S. SHRADER | K16: 2 | L16: M. PRATER | M16: 2 | N16: K. FAIRBURN | O16: 8 | P16: K. FAIRBAIRN | Q16: 14 | R16: K. FAIRBAIRN | S16: 17 | T16: W. REICHARD | U16: 9 | V16: Z. GONZALEZ | W16: 13 | X16: Z. GONZALEZ | Y16: 17 | Z16: Z. GONZALEZ | AA16: 8 | AB16: Z. GONZALEZ | AC16: 9
A17: HC | B17: PHI HC | C17: 9.2 | D17: LAC HC | E17: 10 | F17: PHI HC | G17: 12.9 | H17: LAC HC | I17: 3.4 | J17: PHI HC | K17: 3.1 | L17: PHI HC | M17: -0.9 | N17: NE HC | O17: 15.3 | P17: NE HC | Q17: 15.6 | R17: LAC HC | S17: 11.1 | T17: SEA HC | U17: 21.2 | V17: NE HC | W17: 12.1 | X17: SEA HC | Y17: 12 | Z17: SEA HC | AA17: 19.8 | AB17: SEA HC | AC17: 23.1
A18: Total Score | B18: =SUM(C5:C17) -> 161.6 | D18: =SUM(E5:E17) -> 165.71 | F18: =SUM(G5:G17) -> 96.07 | H18: =SUM(I5:I17) -> 137.07 | J18: =SUM(K5:K17) -> 116.2 | L18: =SUM(M5:M17) -> 141.19 | N18: =SUM(O5:O17) -> 215.41 | P18: =SUM(Q5:Q17) -> 160.86 | R18: =SUM(S5:S17) -> 131.48 | T18: =SUM(U5:U17) -> 160.58 | V18: =SUM(W5:W17) -> 169.31 | X18: =SUM(Y5:Y17) -> 247.45 | Z18: =SUM(AA5:AA17) -> 209.92 | AB18: =SUM(AC5:AC17) -> 189.27 | AD18: =SUM(AE5:AE17) -> 0
A19: MVP | B19: {=IFERROR(INDEX(B5:B17,MATCH(LARGE(C5:C17,1),C5:C17,0)),"N/A")} -> J. DANIELS | C19: =IFERROR(LARGE(C5:C17,1),0) -> 24.82 | D19: {=IFERROR(INDEX(D5:D17,MATCH(LARGE(E5:E17,1),E5:E17,0)),"N/A")} -> J. DANIELS | E19: =IFERROR(LARGE(E5:E17,1),0) -> 25.6 | F19: {=IFERROR(INDEX(F5:F17,MATCH(LARGE(G5:G17,1),G5:G17,0)),"N/A")} -> D. JONES | G19: =IFERROR(LARGE(G5:G17,1),0) -> 20.42 | H19: {=IFERROR(INDEX(H5:H17,MATCH(LARGE(I5:I17,1),I5:I17,0)),"N/A")} -> J. FIELDS | I19: =IFERROR(LARGE(I5:I17,1),0) -> 32.44 | J19: {=IFERROR(INDEX(J5:J17,MATCH(LARGE(K5:K17,1),K5:K17,0)),"N/A")} -> J. FIELDS | K19: =IFERROR(LARGE(K5:K17,1),0) -> 34.22 | L19: {=IFERROR(INDEX(L5:L17,MATCH(LARGE(M5:M17,1),M5:M17,0)),"N/A")} -> D. PRESCOTT | M19: =IFERROR(LARGE(M5:M17,1),0) -> 31.74 | N19: {=IFERROR(INDEX(N5:N17,MATCH(LARGE(O5:O17,1),O5:O17,0)),"N/A")} -> J. GIBBS | O19: =IFERROR(LARGE(O5:O17,1),0) -> 39.5 | P19: {=IFERROR(INDEX(P5:P17,MATCH(LARGE(Q5:Q17,1),Q5:Q17,0)),"N/A")} -> T. KRAFT | Q19: =IFERROR(LARGE(Q5:Q17,1),0) -> 34.3 | R19: {=IFERROR(INDEX(R5:R17,MATCH(LARGE(S5:S17,1),S5:S17,0)),"N/A")} -> D. PRESCOTT | S19: =IFERROR(LARGE(S5:S17,1),0) -> 18.8 | T19: {=IFERROR(INDEX(T5:T17,MATCH(LARGE(U5:U17,1),U5:U17,0)),"N/A")} -> J. GIBBS | U19: =IFERROR(LARGE(U5:U17,1),0) -> 40.7 | V19: {=IFERROR(INDEX(V5:V17,MATCH(LARGE(W5:W17,1),W5:W17,0)),"N/A")} -> D. PRESCOTT | W19: =IFERROR(LARGE(W5:W17,1),0) -> 36.12 | X19: {=IFERROR(INDEX(X5:X17,MATCH(LARGE(Y5:Y17,1),Y5:Y17,0)),"N/A")} -> J. GIBBS | Y19: =IFERROR(LARGE(Y5:Y17,1),0) -> 58.9 | Z19: {=IFERROR(INDEX(Z5:Z17,MATCH(LARGE(AA5:AA17,1),AA5:AA17,0)),"N/A")} -> R. RICE | AA19: =IFERROR(LARGE(AA5:AA17,1),0) -> 29.5 | AB19: {=IFERROR(INDEX(AB5:AB17,MATCH(LARGE(AC5:AC17,1),AC5:AC17,0)),"N/A")} -> J. GIBBS | AC19: =IFERROR(LARGE(AC5:AC17,1),0) -> 38.2 | AD19: {=INDEX(AD5:AD17,MATCH(LARGE(AE5:AE17,1),AE5:AE17,0))} -> #NUM! | AE19: =LARGE(AE5:AE17,1) -> #NUM!
A20: #2 | B20: {=IFERROR(INDEX(B5:B17,MATCH(LARGE(C5:C17,2),C5:C17,0)),"N/A")} -> LAR D/ST | C20: =IFERROR(LARGE(C5:C17,2),0) -> 21.68 | D20: {=IFERROR(INDEX(D5:D17,MATCH(LARGE(E5:E17,2),E5:E17,0)),"N/A")} -> BUF D/ST | E20: =IFERROR(LARGE(E5:E17,2),0) -> 25.11 | F20: {=IFERROR(INDEX(F5:F17,MATCH(LARGE(G5:G17,2),G5:G17,0)),"N/A")} -> B. IRVING | G20: =IFERROR(LARGE(G5:G17,2),0) -> 16.4 | H20: {=IFERROR(INDEX(H5:H17,MATCH(LARGE(I5:I17,2),I5:I17,0)),"N/A")} -> B. IRVING | I20: =IFERROR(LARGE(I5:I17,2),0) -> 28 | J20: {=IFERROR(INDEX(J5:J17,MATCH(LARGE(K5:K17,2),K5:K17,0)),"N/A")} -> R. WHITE | K20: =IFERROR(LARGE(K5:K17,2),0) -> 24.5 | L20: {=IFERROR(INDEX(L5:L17,MATCH(LARGE(M5:M17,2),M5:M17,0)),"N/A")} -> LAR D/ST | M20: =IFERROR(LARGE(M5:M17,2),0) -> 24.25 | N20: {=IFERROR(INDEX(N5:N17,MATCH(LARGE(O5:O17,2),O5:O17,0)),"N/A")} -> D. PRESCOTT | O20: =IFERROR(LARGE(O5:O17,2),0) -> 32.16 | P20: {=IFERROR(INDEX(P5:P17,MATCH(LARGE(Q5:Q17,2),Q5:Q17,0)),"N/A")} -> R. RICE | Q20: =IFERROR(LARGE(Q5:Q17,2),0) -> 25.7 | R20: {=IFERROR(INDEX(R5:R17,MATCH(LARGE(S5:S17,2),S5:S17,0)),"N/A")} -> D. PRESCOTT | S20: =IFERROR(LARGE(S5:S17,2),0) -> 18.8 | T20: {=IFERROR(INDEX(T5:T17,MATCH(LARGE(U5:U17,2),U5:U17,0)),"N/A")} -> J. DART | U20: =IFERROR(LARGE(U5:U17,2),0) -> 28.68 | V20: {=IFERROR(INDEX(V5:V17,MATCH(LARGE(W5:W17,2),W5:W17,0)),"N/A")} -> T. KELCE | W20: =IFERROR(LARGE(W5:W17,2),0) -> 24.1 | X20: {=IFERROR(INDEX(X5:X17,MATCH(LARGE(Y5:Y17,2),Y5:Y17,0)),"N/A")} -> D. PRESCOTT | Y20: =IFERROR(LARGE(Y5:Y17,2),0) -> 33.76 | Z20: {=IFERROR(INDEX(Z5:Z17,MATCH(LARGE(AA5:AA17,2),AA5:AA17,0)),"N/A")} -> D. PRESCOTT | AA20: =IFERROR(LARGE(AA5:AA17,2),0) -> 28.1 | AB20: {=IFERROR(INDEX(AB5:AB17,MATCH(LARGE(AC5:AC17,2),AC5:AC17,0)),"N/A")} -> D. PRESCOTT | AC20: =IFERROR(LARGE(AC5:AC17,2),0) -> 23.14
A21: #3 | B21: {=IFERROR(INDEX(B5:B17,MATCH(LARGE(C5:C17,3),C5:C17,0)),"N/A")} -> C. LAMB | C21: =IFERROR(LARGE(C5:C17,3),0) -> 19 | D21: {=IFERROR(INDEX(D5:D17,MATCH(LARGE(E5:E17,3),E5:E17,0)),"N/A")} -> C. LAMB | E21: =IFERROR(LARGE(E5:E17,3),0) -> 21.2 | F21: {=IFERROR(INDEX(F5:F17,MATCH(LARGE(G5:G17,3),G5:G17,0)),"N/A")} -> PHI HC | G21: =IFERROR(LARGE(G5:G17,3),0) -> 12.9 | H21: {=IFERROR(INDEX(H5:H17,MATCH(LARGE(I5:I17,3),I5:I17,0)),"N/A")} -> BUF D/ST | I21: =IFERROR(LARGE(I5:I17,3),0) -> 18.23 | J21: {=IFERROR(INDEX(J5:J17,MATCH(LARGE(K5:K17,3),K5:K17,0)),"N/A")} -> T. KELCE | K21: =IFERROR(LARGE(K5:K17,3),0) -> 19.1 | L21: {=IFERROR(INDEX(L5:L17,MATCH(LARGE(M5:M17,3),M5:M17,0)),"N/A")} -> R. WHITE | M21: =IFERROR(LARGE(M5:M17,3),0) -> 19.3 | N21: {=IFERROR(INDEX(N5:N17,MATCH(LARGE(O5:O17,3),O5:O17,0)),"N/A")} -> R. RICE | O21: =IFERROR(LARGE(O5:O17,3),0) -> 23.2 | P21: {=IFERROR(INDEX(P5:P17,MATCH(LARGE(Q5:Q17,3),Q5:Q17,0)),"N/A")} -> KC D/ST | Q21: =IFERROR(LARGE(Q5:Q17,3),0) -> 20.34 | R21: {=IFERROR(INDEX(R5:R17,MATCH(LARGE(S5:S17,3),S5:S17,0)),"N/A")} -> J. WARREN | S21: =IFERROR(LARGE(S5:S17,3),0) -> 18.5 | T21: {=IFERROR(INDEX(T5:T17,MATCH(LARGE(U5:U17,3),U5:U17,0)),"N/A")} -> SEA HC | U21: =IFERROR(LARGE(U5:U17,3),0) -> 21.2 | V21: {=IFERROR(INDEX(V5:V17,MATCH(LARGE(W5:W17,3),W5:W17,0)),"N/A")} -> J. GIBBS | W21: =IFERROR(LARGE(W5:W17,3),0) -> 21.8 | X21: {=IFERROR(INDEX(X5:X17,MATCH(LARGE(Y5:Y17,3),Y5:Y17,0)),"N/A")} -> W. ROBINSON | Y21: =IFERROR(LARGE(Y5:Y17,3),0) -> 31.7 | Z21: {=IFERROR(INDEX(Z5:Z17,MATCH(LARGE(AA5:AA17,3),AA5:AA17,0)),"N/A")} -> C. LAMB | AA21: =IFERROR(LARGE(AA5:AA17,3),0) -> 25.2 | AB21: {=IFERROR(INDEX(AB5:AB17,MATCH(LARGE(AC5:AC17,3),AC5:AC17,0)),"N/A")} -> SEA HC | AC21: =IFERROR(LARGE(AC5:AC17,3),0) -> 23.1
A23: =Settings!A4 -> POPEYES
B24: Week 1 | D24: Week 2 | F24: Week 3 | H24: Week 4 | J24: Week 5 | L24: Week 6 | N24: Week 7 | P24: Week 8 | R24: Week 9 | T24: Week 10 | V24: Week 11 | X24: Week 12 | Z24: Week 13 | AB24: Week 14 | AD24: Finale
A25: Team Rank | B25: 1 | D25: 4 | F25: 4 | H25: 1 | J25: 1 | L25: 1 | N25: 2 | P25: 3 | R25: 4 | T25: 4 | V25: 4 | X25: 3 | Z25: 5 | AB25: 5
A26: QB | B26: B. MAYFIELD | C26: 29.48 | D26: B. MAYFIELD | E26: 26.6 | F26: B. MAYFIELD | G26: 21.92 | H26: M. STAFFORD | I26: 38.2 | J26: M. STAFFORD | K26: 35.26 | L26: M. STAFFORD | M26: 13.34 | N26: B. MAYFIELD | O26: 13.52 | P26: B. MAYFIELD | Q26: 5.28 | R26: S. DARNOLD | S26: 39 | T26: B. MAYFIELD | U26: 31.52 | V26: B. MAYFIELD | W26: 19.32 | X26: S. DARNOLD | Y26: 22.96 | Z26: S. DARNOLD | AA26: 3.52 | AB26: B. MAYFIELD | AC26: 12.48
A27: RB | B27: D. ACHANE | C27: 17.2 | D27: D. ACHANE | E27: 27.3 | F27: D. ACHANE | G27: 17.3 | H27: D. ACHANE | I27: 19.1 | J27: D. ACHANE | K27: 17.6 | L27: D. ACHANE | M27: 33.6 | N27: D. ACHANE | O27: 14.1 | P27: D. ACHANE | Q27: 21.9 | R27: D. ACHANE | S27: 18 | T27: D. ACHANE | U27: 43.7 | V27: D. ACHANE | W27: 24.6 | X27: K. WALKER | Y27: 14.2 | Z27: D. ACHANE | AA27: 22.6 | AB27: D. ACHANE | AC27: 18.2
A28: RB | B28: T. HENDERSON | C28: 13.75 | D28: T. HENDERSON | E28: 6.3 | F28: K. WALKER III | G28: 19.6 | H28: J. MASON | I28: 11.8 | J28: J. MASON | K28: 13.9 | L28: T. HENDERSON | M28: 5.5 | N28: J. MASON | O28: 13.2 | P28: J. MASON | Q28: 2 | R28: B. KNIGHT | S28: 7.6 | T28: T. HENDERSON | U28: 30.4 | V28: T. HENDERSON | W28: 34.2 | X28: T. HENDERSON | Y28: 12.9 | Z28: T. HENDERSON | AA28: 12.7 | AB28: K. WALKER | AC28: 4.8
A29: RB
A30: WR | B30: J. JEFFERSON | C30: 14.9 | D30: J. JEFFERSON | E30: 11.1 | F30: J. JEFFERSON | G30: 12.5 | H30: J. JEFFERSON | I30: 23.6 | J30: J. JEFFERSON | K30: 20.3 | L30: P. NACUA | M30: 4.8 | N30: J. JEFFERSON | O30: 12.9 | P30: J. JEFFERSON | Q30: 14.4 | R30: J. JEFFERSON | S30: 16.7 | T30: J. JEFFERSON | U30: 7.7 | V30: J. JEFFERSON | W30: 11.1 | X30: J. JEFFERSON | Y30: 8.8 | Z30: J. JEFFERSON | AA30: 2.4 | AB30: J. JEFFERSON | AC30: 3.1
A31: WR | B31: P. NACUA | C31: 24.2 | D31: P. NACUA | E31: 27.7 | F31: P. NACUA | G31: 23.9 | H31: P. NACUA | I31: 37 | J31: P. NACUA | K31: 24.5 | L31: E. EGBUKA | M31: 4.4 | N31: B. THOMAS JR. | O31: 6.1 | P31: E. EGBUKA | Q31: 6.5 | R31: P. NACUA | S31: 22.9 | T31: P. NACUA | U31: 17.4 | V31: P. NACUA | W31: 14.5 | X31: P. NACUA | Y31: 16.7 | Z31: P. NACUA | AA31: 13.2 | AB31: P. NACUA | AC31: 36.7
A32: WR | B32: B. THOMAS JR | C32: 9.1 | D32: B. THOMAS JR | E32: 8.9 | F32: B. THOMAS JR | G32: 7.5 | H32: E. EGBUKA | I32: 21.2 | J32: E. EGBUKA | K32: 32.3 | L32: D. SMITH | M32: 8.9 | N32: D. SMITH | O32: 34.3 | P32: D. SMITH | Q32: 14.4 | R32: B. THOMAS | S32: 8.5 | T32: E. EGBUKA | U32: 24.5 | V32: E. EGBUKA | W32: 9 | X32: E. EGBUKA | Y32: 6.2 | Z32: E. EGBUKA | AA32: 8.2 | AB32: E. EGBUKA | AC32: 3.5
A33: WR
A34: TE | B34: T. HOCKENSON | C34: 4.5 | D34: T. HOCKENSON | E34: 2.2 | F34: K. PITTS SR | G34: 7.9 | H34: T. HOCKENSON | I34: 7.9 | J34: T. HOCKENSON | K34: 9.8 | L34: D. WALLER | M34: 9.2 | N34: K. PITTS SR. | O34: 13.2 | P34: K. PITTS SR. | Q34: 14.9 | R34: K. PITTS | S34: 7.8 | T34: K. PITTS | U34: 5.8 | V34: D. SCHULTZ | W34: 11.1 | X34: K. PITTS | Y34: 4.5 | Z34: K. PITTS | AA34: 15.2 | AB34: H. FANNIN | AC34: 26.4
A35: FLEX | B35: K. WALKER III | C35: 6.4 | D35: E. EGBUKA | E35: 12.9 | F35: J. MASON | G35: 26.2 | H35: K. WALKER III | I35: 13.9 | J35: K. WALKER III | K35: 10.6 | L35: K. WALKER III | M35: 5.7 | N35: K. WALKER III | O35: 8.3 | P35: T.J. HOCKENSON | Q35: 4.6 | R35: K. WALKER | S35: 9.2 | T35: D. SMITH | U35: 16.9 | V35: D. SMITH | W35: 1.8 | X35: D. SMITH | Y35: 14.9 | Z35: D. SMITH | AA35: 9.8 | AB35: D. NEAL | AC35: 17.3
A36: D/ST | B36: NE D/ST | C36: 15.83 | D36: IND D/ST | E36: 7.32 | F36: IND D/ST | G36: 27.2 | H36: NE D/ST | I36: 28.76 | J36: IND D/ST | K36: 26.7 | L36: IND D/ST | M36: 8.75 | N36: NE D/ST | O36: 27 | P36: IND D/ST | Q36: 16.74 | R36: JAX D/ST | S36: 12.07 | T36: BUF D/ST | U36: 6.21 | V36: DAL D/ST | W36: 23.67 | X36: CLE D/ST | Y36: 39.18 | Z36: IND D/ST | AA36: 11.37 | AB36: CLE D/ST | AC36: 10.93
A37: K | B37: T. LOOP | C37: 14 | D37: T. LOOP | E37: 12 | F37: T. LOOP | G37: 7 | H37: T. LOOP | I37: 9 | J37: T. LOOP | K37: 3 | L37: J. ELLIOTT | M37: 6 | N37: J. ELLIOTT | O37: 2.5 | P37: T. LOOP | Q37: 13 | R37: T. LOOP | S37: 4 | T37: T. LOOP | U37: 13 | V37: T. LOOP | W37: 12 | X37: T. LOOP | Y37: 11 | Z37: T. LOOP | AA37: 2 | AB37: T. LOOP | AC37: 10
A38: HC | B38: LAR HC | C38: 7.2 | D38: LAR HC | E38: 13.9 | F38: SEA HC | G38: 25.2 | H38: SEA HC | I38: 8.9 | J38: SEA HC | K38: 8.5 | L38: LAC HC | M38: 10.7 | N38: CHI HC | O38: 11.8 | P38: CHI HC | Q38: 0.8 | R38: CHI HC | S38: 17.1 | T38: PHI HC | U38: 5 | V38: PHI HC | W38: 7.8 | X38: PHI HC | Y38: 4.3 | Z38: PHI HC | AA38: 1.5 | AB38: DEN HC | AC38: 10.2
A39: Total Score | B39: =SUM(C26:C38) -> 156.56 | D39: =SUM(E26:E38) -> 156.22 | F39: =SUM(G26:G38) -> 196.22 | H39: =SUM(I26:I38) -> 219.36 | J39: =SUM(K26:K38) -> 202.46 | L39: =SUM(M26:M38) -> 110.89 | N39: =SUM(O26:O38) -> 156.92 | P39: =SUM(Q26:Q38) -> 114.52 | R39: =SUM(S26:S38) -> 162.87 | T39: =SUM(U26:U38) -> 202.13 | V39: =SUM(W26:W38) -> 169.09 | X39: =SUM(Y26:Y38) -> 155.64 | Z39: =SUM(AA26:AA38) -> 102.49 | AB39: =SUM(AC26:AC38) -> 153.61 | AD39: =SUM(AE26:AE38) -> 0
A40: MVP | B40: {=IFERROR(INDEX(B26:B38,MATCH(LARGE(C26:C38,1),C26:C38,0)),"N/A")} -> B. MAYFIELD | C40: =IFERROR(LARGE(C26:C38,1),0) -> 29.48 | D40: {=IFERROR(INDEX(D26:D38,MATCH(LARGE(E26:E38,1),E26:E38,0)),"N/A")} -> P. NACUA | E40: =IFERROR(LARGE(E26:E38,1),0) -> 27.7 | F40: {=IFERROR(INDEX(F26:F38,MATCH(LARGE(G26:G38,1),G26:G38,0)),"N/A")} -> IND D/ST | G40: =IFERROR(LARGE(G26:G38,1),0) -> 27.2 | H40: {=IFERROR(INDEX(H26:H38,MATCH(LARGE(I26:I38,1),I26:I38,0)),"N/A")} -> M. STAFFORD | I40: =IFERROR(LARGE(I26:I38,1),0) -> 38.2 | J40: {=IFERROR(INDEX(J26:J38,MATCH(LARGE(K26:K38,1),K26:K38,0)),"N/A")} -> M. STAFFORD | K40: =IFERROR(LARGE(K26:K38,1),0) -> 35.26 | L40: {=IFERROR(INDEX(L26:L38,MATCH(LARGE(M26:M38,1),M26:M38,0)),"N/A")} -> D. ACHANE | M40: =IFERROR(LARGE(M26:M38,1),0) -> 33.6 | N40: {=IFERROR(INDEX(N26:N38,MATCH(LARGE(O26:O38,1),O26:O38,0)),"N/A")} -> D. SMITH | O40: =IFERROR(LARGE(O26:O38,1),0) -> 34.3 | P40: {=IFERROR(INDEX(P26:P38,MATCH(LARGE(Q26:Q38,1),Q26:Q38,0)),"N/A")} -> D. ACHANE | Q40: =IFERROR(LARGE(Q26:Q38,1),0) -> 21.9 | R40: {=IFERROR(INDEX(R26:R38,MATCH(LARGE(S26:S38,1),S26:S38,0)),"N/A")} -> S. DARNOLD | S40: =IFERROR(LARGE(S26:S38,1),0) -> 39 | T40: {=IFERROR(INDEX(T26:T38,MATCH(LARGE(U26:U38,1),U26:U38,0)),"N/A")} -> D. ACHANE | U40: =IFERROR(LARGE(U26:U38,1),0) -> 43.7 | V40: {=IFERROR(INDEX(V26:V38,MATCH(LARGE(W26:W38,1),W26:W38,0)),"N/A")} -> T. HENDERSON | W40: =IFERROR(LARGE(W26:W38,1),0) -> 34.2 | X40: {=IFERROR(INDEX(X26:X38,MATCH(LARGE(Y26:Y38,1),Y26:Y38,0)),"N/A")} -> CLE D/ST | Y40: =IFERROR(LARGE(Y26:Y38,1),0) -> 39.18 | Z40: {=IFERROR(INDEX(Z26:Z38,MATCH(LARGE(AA26:AA38,1),AA26:AA38,0)),"N/A")} -> D. ACHANE | AA40: =IFERROR(LARGE(AA26:AA38,1),0) -> 22.6 | AB40: {=IFERROR(INDEX(AB26:AB38,MATCH(LARGE(AC26:AC38,1),AC26:AC38,0)),"N/A")} -> P. NACUA | AC40: =IFERROR(LARGE(AC26:AC38,1),0) -> 36.7 | AD40: {=INDEX(AD26:AD38,MATCH(LARGE(AE26:AE38,1),AE26:AE38,0))} -> #NUM! | AE40: =LARGE(AE26:AE38,1) -> #NUM!
A41: #2 | B41: {=IFERROR(INDEX(B26:B38,MATCH(LARGE(C26:C38,2),C26:C38,0)),"N/A")} -> P. NACUA | C41: =IFERROR(LARGE(C26:C38,2),0) -> 24.2 | D41: {=IFERROR(INDEX(D26:D38,MATCH(LARGE(E26:E38,2),E26:E38,0)),"N/A")} -> D. ACHANE | E41: =IFERROR(LARGE(E26:E38,2),0) -> 27.3 | F41: {=IFERROR(INDEX(F26:F38,MATCH(LARGE(G26:G38,2),G26:G38,0)),"N/A")} -> J. MASON | G41: =IFERROR(LARGE(G26:G38,2),0) -> 26.2 | H41: {=IFERROR(INDEX(H26:H38,MATCH(LARGE(I26:I38,2),I26:I38,0)),"N/A")} -> P. NACUA | I41: =IFERROR(LARGE(I26:I38,2),0) -> 37 | J41: {=IFERROR(INDEX(J26:J38,MATCH(LARGE(K26:K38,2),K26:K38,0)),"N/A")} -> E. EGBUKA | K41: =IFERROR(LARGE(K26:K38,2),0) -> 32.3 | L41: {=IFERROR(INDEX(L26:L38,MATCH(LARGE(M26:M38,2),M26:M38,0)),"N/A")} -> M. STAFFORD | M41: =IFERROR(LARGE(M26:M38,2),0) -> 13.34 | N41: {=IFERROR(INDEX(N26:N38,MATCH(LARGE(O26:O38,2),O26:O38,0)),"N/A")} -> NE D/ST | O41: =IFERROR(LARGE(O26:O38,2),0) -> 27 | P41: {=IFERROR(INDEX(P26:P38,MATCH(LARGE(Q26:Q38,2),Q26:Q38,0)),"N/A")} -> IND D/ST | Q41: =IFERROR(LARGE(Q26:Q38,2),0) -> 16.74 | R41: {=IFERROR(INDEX(R26:R38,MATCH(LARGE(S26:S38,2),S26:S38,0)),"N/A")} -> P. NACUA | S41: =IFERROR(LARGE(S26:S38,2),0) -> 22.9 | T41: {=IFERROR(INDEX(T26:T38,MATCH(LARGE(U26:U38,2),U26:U38,0)),"N/A")} -> B. MAYFIELD | U41: =IFERROR(LARGE(U26:U38,2),0) -> 31.52 | V41: {=IFERROR(INDEX(V26:V38,MATCH(LARGE(W26:W38,2),W26:W38,0)),"N/A")} -> D. ACHANE | W41: =IFERROR(LARGE(W26:W38,2),0) -> 24.6 | X41: {=IFERROR(INDEX(X26:X38,MATCH(LARGE(Y26:Y38,2),Y26:Y38,0)),"N/A")} -> S. DARNOLD | Y41: =IFERROR(LARGE(Y26:Y38,2),0) -> 22.96 | Z41: {=IFERROR(INDEX(Z26:Z38,MATCH(LARGE(AA26:AA38,2),AA26:AA38,0)),"N/A")} -> K. PITTS | AA41: =IFERROR(LARGE(AA26:AA38,2),0) -> 15.2 | AB41: {=IFERROR(INDEX(AB26:AB38,MATCH(LARGE(AC26:AC38,2),AC26:AC38,0)),"N/A")} -> H. FANNIN | AC41: =IFERROR(LARGE(AC26:AC38,2),0) -> 26.4
A42: #3 | B42: {=IFERROR(INDEX(B26:B38,MATCH(LARGE(C26:C38,3),C26:C38,0)),"N/A")} -> D. ACHANE | C42: =IFERROR(LARGE(C26:C38,3),0) -> 17.2 | D42: {=IFERROR(INDEX(D26:D38,MATCH(LARGE(E26:E38,3),E26:E38,0)),"N/A")} -> B. MAYFIELD | E42: =IFERROR(LARGE(E26:E38,3),0) -> 26.6 | F42: {=IFERROR(INDEX(F26:F38,MATCH(LARGE(G26:G38,3),G26:G38,0)),"N/A")} -> SEA HC | G42: =IFERROR(LARGE(G26:G38,3),0) -> 25.2 | H42: {=IFERROR(INDEX(H26:H38,MATCH(LARGE(I26:I38,3),I26:I38,0)),"N/A")} -> NE D/ST | I42: =IFERROR(LARGE(I26:I38,3),0) -> 28.76 | J42: {=IFERROR(INDEX(J26:J38,MATCH(LARGE(K26:K38,3),K26:K38,0)),"N/A")} -> IND D/ST | K42: =IFERROR(LARGE(K26:K38,3),0) -> 26.7 | L42: {=IFERROR(INDEX(L26:L38,MATCH(LARGE(M26:M38,3),M26:M38,0)),"N/A")} -> LAC HC | M42: =IFERROR(LARGE(M26:M38,3),0) -> 10.7 | N42: {=IFERROR(INDEX(N26:N38,MATCH(LARGE(O26:O38,3),O26:O38,0)),"N/A")} -> D. ACHANE | O42: =IFERROR(LARGE(O26:O38,3),0) -> 14.1 | P42: {=IFERROR(INDEX(P26:P38,MATCH(LARGE(Q26:Q38,3),Q26:Q38,0)),"N/A")} -> K. PITTS SR. | Q42: =IFERROR(LARGE(Q26:Q38,3),0) -> 14.9 | R42: {=IFERROR(INDEX(R26:R38,MATCH(LARGE(S26:S38,3),S26:S38,0)),"N/A")} -> D. ACHANE | S42: =IFERROR(LARGE(S26:S38,3),0) -> 18 | T42: {=IFERROR(INDEX(T26:T38,MATCH(LARGE(U26:U38,3),U26:U38,0)),"N/A")} -> T. HENDERSON | U42: =IFERROR(LARGE(U26:U38,3),0) -> 30.4 | V42: {=IFERROR(INDEX(V26:V38,MATCH(LARGE(W26:W38,3),W26:W38,0)),"N/A")} -> DAL D/ST | W42: =IFERROR(LARGE(W26:W38,3),0) -> 23.67 | X42: {=IFERROR(INDEX(X26:X38,MATCH(LARGE(Y26:Y38,3),Y26:Y38,0)),"N/A")} -> P. NACUA | Y42: =IFERROR(LARGE(Y26:Y38,3),0) -> 16.7 | Z42: {=IFERROR(INDEX(Z26:Z38,MATCH(LARGE(AA26:AA38,3),AA26:AA38,0)),"N/A")} -> P. NACUA | AA42: =IFERROR(LARGE(AA26:AA38,3),0) -> 13.2 | AB42: {=IFERROR(INDEX(AB26:AB38,MATCH(LARGE(AC26:AC38,3),AC26:AC38,0)),"N/A")} -> D. ACHANE | AC42: =IFERROR(LARGE(AC26:AC38,3),0) -> 18.2
A44: =Settings!A5 -> GREEN
B45: Week 1 | D45: Week 2 | F45: Week 3 | H45: Week 4 | J45: Week 5 | L45: Week 6 | N45: Week 7 | P45: Week 8 | R45: Week 9 | T45: Week 10 | V45: Week 11 | X45: Week 12 | Z45: Week 13 | AB45: Week 14 | AD45: Finale
A46: Team Rank | B46: 4 | D46: 9 | F46: 10 | H46: 8 | J46: 8 | L46: 4 | N46: 4 | P46: 2 | R46: 1 | T46: 1 | V46: 1 | X46: 1 | Z46: 1 | AB46: 1
A47: QB | B47: B. NIX | C47: 10.04 | D47: J. MCCARTHY | E47: 1.92 | F47: B. NIX | G47: 16.82 | H47: B. NIX | I47: 33.74 | J47: B. NIX | K47: 21.98 | L47: B. NIX | M47: 17.46 | N47: B. NIX | O47: 45.26 | P47: B. NIX | Q47: 32.88 | R47: M. STAFFORD | S47: 38.44 | T47: M. STAFFORD | U47: 37.6 | V47: M. STAFFORD | W47: 17.6 | X47: M. STAFFORD | Y47: 31.92 | Z47: M. STAFFORD | AA47: 15.72 | AB47: M. STAFFORD | AC47: 31.84
A48: RB | B48: B. ROBINSON | C48: 26.6 | D48: B. ROBINSON | E48: 23 | F48: B. ROBINSON | G48: 17.4 | H48: B. ROBINSON | I48: 30.8 | J48: J. TAYLOR | K48: 33.3 | L48: B. ROBINSON | M48: 38.7 | N48: B. ROBINSON | O48: 22.6 | P48: B. ROBINSON | Q48: 6.7 | R48: B. ROBINSON | S48: 18.8 | T48: B. ROBINSON | U48: 12.5 | V48: B. ROBINSON | W48: 33.6 | X48: B. ROBINSON | Y48: 16.1 | Z48: B. ROBINSON | AA48: 33.6 | AB48: B. ROBINSON | AC48: 11.4
A49: RB | B49: J. TAYLOR | C49: 14.6 | D49: J. TAYLOR | E49: 33 | F49: J. TAYLOR | G49: 35.5 | H49: J. TAYLOR | I49: 16.3 | J49: E. DEMERCADO | K49: 6.4 | L49: J. TAYLOR | M49: 26.8 | N49: J. TAYLOR | O49: 35.8 | P49: J. TAYLOR | Q49: 39.6 | R49: J. TAYLOR | S49: 9.1 | T49: J. TAYLOR | U49: 54.8 | V49: D. SWIFT | W49: 11.1 | X49: J. TAYLOR | Y49: 10.2 | Z49: J. TAYLOR | AA49: 17.2 | AB49: J. TAYLOR | AC49: 13.5
A50: RB
A51: WR | B51: A. BROWN | C51: 1.8 | D51: A. BROWN | E51: 7.7 | F51: A. BROWN | G51: 23.9 | H51: A. BROWN | I51: 2.7 | J51: A. BROWN | K51: 9.3 | L51: A. BROWN | M51: 14 | N51: A. BROWN | O51: 29.1 | P51: J. WADDLE | Q51: 20.9 | R51: J. WADDLE | S51: 14.2 | T51: A. BROWN | U51: 3.3 | V51: A. BROWN | W51: 11.9 | X51: A. BROWN | Y51: 26 | Z51: A. BROWN | AA51: 36.2 | AB51: A. BROWN | AC51: 17
A52: WR | B52: J. WADDLE | C52: 7 | D52: T. MCMILLAN | E52: 17 | F52: T. MCMILLAN | G52: 7.8 | H52: T. MCMILLIAN | I52: 10.2 | J52: T. MCMILLAN | K52: 13.3 | L52: J. WADDLE | M52: 16.02 | N52: J. WADDLE | O52: 2.5 | P52: T. MCMILLAN | Q52: 16.9 | R52: T. MCMILLAN | S52: 8.6 | T52: J. WADDLE | U52: 19.4 | V52: J. WADDLE | W52: 8.2 | X52: T. MCMILLAN | Y52: 11.5 | Z52: T. MCMILLAN | AA52: 11.3 | AB52: J. WADDLE | AC52: 18.2
A53: WR | B53: C. SUTTON | C53: 18.1 | D53: C. SUTTON | E53: 1.6 | F53: C. SUTTON | G53: 24.8 | H53: C. SUTTON | I53: 19.1 | J53: C. SUTTON | K53: 17.9 | L53: C. SUTTON | M53: 2.7 | N53: C. SUTTON | O53: 16.7 | P53: C. SUTTON | Q53: 10.7 | R53: C. SUTTON | S53: 10 | T53: T. FRANKLIN | U53: 15 | V53: T. FRANKLIN | W53: 12.4 | X53: M. WILSON | Y53: 22.8 | Z53: T. FRANKLIN | AA53: 4.1 | AB53: T. FRANKLIN | AC53: 4.1
A54: WR
A55: TE | B55: S. LAPORTA | C55: 13.9 | D55: S. LAPORTA | E55: 5.6 | F55: S. LAPORTA | G55: 7.3 | H55: T. WARREN | I55: 18.5 | J55: T. WARREN | K55: 14.2 | L55: T. WARREN | M55: 18.3 | N55: S. LAPORTA | O55: 4.5 | P55: T. WARREN | Q55: 9.3 | R55: T. WARREN | S55: 7.6 | T55: T. WARREN | U55: 17.9 | V55: T. JOHNSON | W55: 6.6 | X55: T. WARREN | Y55: 9.5 | Z55: T. WARREN | AA55: 11.3 | AB55: T. WARREN | AC55: 3.8
A56: FLEX | B56: J. WARREN | C56: 15 | D56: J. WARREN | E56: 18.8 | F56: J. WARREN | G56: 14.9 | H56: D. SWIFT | I56: 17.4 | J56: J. WADDLE | K56: 24 | L56: D. SWIFT | M56: 27.9 | N56: T. WARREN | O56: 16.9 | P56: D. SWIFT | Q56: 16.2 | R56: K. MONANGAI | S56: 26.4 | T56: D. SWIFT | U56: 16.1 | V56: T. MCMILLAN | W56: 34 | X56: D. SWIFT | Y56: 2.7 | Z56: D. SWIFT | AA56: 23.6 | AB56: D. SWIFT | AC56: 12.5
A57: D/ST | B57: TB D/ST | C57: 8.37 | D57: TB D/ST | E57: 11.88 | F57: TB D/ST | G57: 27.12 | H57: TB D/ST | I57: 20.8 | J57: CLE D/ST | K57: 18.38 | L57: CLE D/ST | M57: 9.02 | N57: ATL D/ST | O57: 11.74 | P57: ATL D/ST | Q57: 6.43 | R57: NE D/ST | S57: 10.15 | T57: TB D/ST | U57: 1.36 | V57: TB D/ST | W57: 12.05 | X57: NE D/ST | Y57: 17.3 | Z57: NE D/ST | AA57: 29.87 | AB57: TB D/ST | AC57: 11.95
A58: K | B58: J. MYERS | C58: 8 | D58: J. MYERS | E58: 8 | F58: J. MYERS | G58: 18 | H58: J. MYERS | I58: 14 | J58: J. MYERS | K58: 3.5 | L58: J. MYERS | M58: 11 | N58: J. MYERS | O58: 9 | P58: M. BADGLEY | Q58: 9 | R58: M. BADGLEY | S58: 14 | T58: M. BADGLEY | U58: 7 | V58: A. BORREGALES | W58: 8.5 | X58: A. BORREGALES | Y58: 19 | Z58: A. BORRAGALES | AA58: 13.5 | AB58: M. PRATER | AC58: 7
A59: HC | B59: TB HC | C59: 8.9 | D59: TB HC | E59: 8 | F59: TB HC | G59: 10.7 | H59: LAR HC | I59: 11.1 | J59: LAR HC | K59: 4.9 | L59: LAR HC | M59: 9.1 | N59: LAR HC | O59: 22.5 | P59: TB HC | Q59: 14.9 | R59: LAR HC | S59: 18.2 | T59: LAR HC | U59: 18.6 | V59: LAR HC | W59: 8.3 | X59: LAR HC | Y59: 22.2 | Z59: LAR HC | AA59: 6.4 | AB59: LAR HC | AC59: 25.5
A60: Total Score | B60: =SUM(C47:C59) -> 132.31 | D60: =SUM(E47:E59) -> 136.5 | F60: =SUM(G47:G59) -> 204.24 | H60: =SUM(I47:I59) -> 194.64 | J60: =SUM(K47:K59) -> 167.16 | L60: =SUM(M47:M59) -> 191 | N60: =SUM(O47:O59) -> 216.6 | P60: =SUM(Q47:Q59) -> 183.51 | R60: =SUM(S47:S59) -> 175.49 | T60: =SUM(U47:U59) -> 203.56 | V60: =SUM(W47:W59) -> 164.25 | X60: =SUM(Y47:Y59) -> 189.22 | Z60: =SUM(AA47:AA59) -> 202.79 | AB60: =SUM(AC47:AC59) -> 156.79 | AD60: =SUM(AE47:AE59) -> 0
A61: MVP | B61: {=IFERROR(INDEX(B47:B59,MATCH(LARGE(C47:C59,1),C47:C59,0)),"N/A")} -> B. ROBINSON | C61: =IFERROR(LARGE(C47:C59,1),0) -> 26.6 | D61: {=IFERROR(INDEX(D47:D59,MATCH(LARGE(E47:E59,1),E47:E59,0)),"N/A")} -> J. TAYLOR | E61: =IFERROR(LARGE(E47:E59,1),0) -> 33 | F61: {=IFERROR(INDEX(F47:F59,MATCH(LARGE(G47:G59,1),G47:G59,0)),"N/A")} -> J. TAYLOR | G61: =IFERROR(LARGE(G47:G59,1),0) -> 35.5 | H61: {=IFERROR(INDEX(H47:H59,MATCH(LARGE(I47:I59,1),I47:I59,0)),"N/A")} -> B. NIX | I61: =IFERROR(LARGE(I47:I59,1),0) -> 33.74 | J61: {=IFERROR(INDEX(J47:J59,MATCH(LARGE(K47:K59,1),K47:K59,0)),"N/A")} -> J. TAYLOR | K61: =IFERROR(LARGE(K47:K59,1),0) -> 33.3 | L61: {=IFERROR(INDEX(L47:L59,MATCH(LARGE(M47:M59,1),M47:M59,0)),"N/A")} -> B. ROBINSON | M61: =IFERROR(LARGE(M47:M59,1),0) -> 38.7 | N61: {=IFERROR(INDEX(N47:N59,MATCH(LARGE(O47:O59,1),O47:O59,0)),"N/A")} -> B. NIX | O61: =IFERROR(LARGE(O47:O59,1),0) -> 45.26 | P61: {=IFERROR(INDEX(P47:P59,MATCH(LARGE(Q47:Q59,1),Q47:Q59,0)),"N/A")} -> J. TAYLOR | Q61: =IFERROR(LARGE(Q47:Q59,1),0) -> 39.6 | R61: {=IFERROR(INDEX(R47:R59,MATCH(LARGE(S47:S59,1),S47:S59,0)),"N/A")} -> M. STAFFORD | S61: =IFERROR(LARGE(S47:S59,1),0) -> 38.44 | T61: {=IFERROR(INDEX(T47:T59,MATCH(LARGE(U47:U59,1),U47:U59,0)),"N/A")} -> J. TAYLOR | U61: =IFERROR(LARGE(U47:U59,1),0) -> 54.8 | V61: {=IFERROR(INDEX(V47:V59,MATCH(LARGE(W47:W59,1),W47:W59,0)),"N/A")} -> T. MCMILLAN | W61: =IFERROR(LARGE(W47:W59,1),0) -> 34 | X61: {=IFERROR(INDEX(X47:X59,MATCH(LARGE(Y47:Y59,1),Y47:Y59,0)),"N/A")} -> M. STAFFORD | Y61: =IFERROR(LARGE(Y47:Y59,1),0) -> 31.92 | Z61: {=IFERROR(INDEX(Z47:Z59,MATCH(LARGE(AA47:AA59,1),AA47:AA59,0)),"N/A")} -> A. BROWN | AA61: =IFERROR(LARGE(AA47:AA59,1),0) -> 36.2 | AB61: {=IFERROR(INDEX(AB47:AB59,MATCH(LARGE(AC47:AC59,1),AC47:AC59,0)),"N/A")} -> M. STAFFORD | AC61: =IFERROR(LARGE(AC47:AC59,1),0) -> 31.84 | AD61: {=INDEX(AD47:AD59,MATCH(LARGE(AE47:AE59,1),AE47:AE59,0))} -> #NUM! | AE61: =LARGE(AE47:AE59,1) -> #NUM!
A62: #2 | B62: {=IFERROR(INDEX(B47:B59,MATCH(LARGE(C47:C59,2),C47:C59,0)),"N/A")} -> C. SUTTON | C62: =IFERROR(LARGE(C47:C59,2),0) -> 18.1 | D62: {=IFERROR(INDEX(D47:D59,MATCH(LARGE(E47:E59,2),E47:E59,0)),"N/A")} -> B. ROBINSON | E62: =IFERROR(LARGE(E47:E59,2),0) -> 23 | F62: {=IFERROR(INDEX(F47:F59,MATCH(LARGE(G47:G59,2),G47:G59,0)),"N/A")} -> TB D/ST | G62: =IFERROR(LARGE(G47:G59,2),0) -> 27.12 | H62: {=IFERROR(INDEX(H47:H59,MATCH(LARGE(I47:I59,2),I47:I59,0)),"N/A")} -> B. ROBINSON | I62: =IFERROR(LARGE(I47:I59,2),0) -> 30.8 | J62: {=IFERROR(INDEX(J47:J59,MATCH(LARGE(K47:K59,2),K47:K59,0)),"N/A")} -> J. WADDLE | K62: =IFERROR(LARGE(K47:K59,2),0) -> 24 | L62: {=IFERROR(INDEX(L47:L59,MATCH(LARGE(M47:M59,2),M47:M59,0)),"N/A")} -> D. SWIFT | M62: =IFERROR(LARGE(M47:M59,2),0) -> 27.9 | N62: {=IFERROR(INDEX(N47:N59,MATCH(LARGE(O47:O59,2),O47:O59,0)),"N/A")} -> J. TAYLOR | O62: =IFERROR(LARGE(O47:O59,2),0) -> 35.8 | P62: {=IFERROR(INDEX(P47:P59,MATCH(LARGE(Q47:Q59,2),Q47:Q59,0)),"N/A")} -> B. NIX | Q62: =IFERROR(LARGE(Q47:Q59,2),0) -> 32.88 | R62: {=IFERROR(INDEX(R47:R59,MATCH(LARGE(S47:S59,2),S47:S59,0)),"N/A")} -> K. MONANGAI | S62: =IFERROR(LARGE(S47:S59,2),0) -> 26.4 | T62: {=IFERROR(INDEX(T47:T59,MATCH(LARGE(U47:U59,2),U47:U59,0)),"N/A")} -> M. STAFFORD | U62: =IFERROR(LARGE(U47:U59,2),0) -> 37.6 | V62: {=IFERROR(INDEX(V47:V59,MATCH(LARGE(W47:W59,2),W47:W59,0)),"N/A")} -> B. ROBINSON | W62: =IFERROR(LARGE(W47:W59,2),0) -> 33.6 | X62: {=IFERROR(INDEX(X47:X59,MATCH(LARGE(Y47:Y59,2),Y47:Y59,0)),"N/A")} -> A. BROWN | Y62: =IFERROR(LARGE(Y47:Y59,2),0) -> 26 | Z62: {=IFERROR(INDEX(Z47:Z59,MATCH(LARGE(AA47:AA59,2),AA47:AA59,0)),"N/A")} -> B. ROBINSON | AA62: =IFERROR(LARGE(AA47:AA59,2),0) -> 33.6 | AB62: {=IFERROR(INDEX(AB47:AB59,MATCH(LARGE(AC47:AC59,2),AC47:AC59,0)),"N/A")} -> LAR HC | AC62: =IFERROR(LARGE(AC47:AC59,2),0) -> 25.5
A63: #3 | B63: {=IFERROR(INDEX(B47:B59,MATCH(LARGE(C47:C59,3),C47:C59,0)),"N/A")} -> J. WARREN | C63: =IFERROR(LARGE(C47:C59,3),0) -> 15 | D63: {=IFERROR(INDEX(D47:D59,MATCH(LARGE(E47:E59,3),E47:E59,0)),"N/A")} -> J. WARREN | E63: =IFERROR(LARGE(E47:E59,3),0) -> 18.8 | F63: {=IFERROR(INDEX(F47:F59,MATCH(LARGE(G47:G59,3),G47:G59,0)),"N/A")} -> C. SUTTON | G63: =IFERROR(LARGE(G47:G59,3),0) -> 24.8 | H63: {=IFERROR(INDEX(H47:H59,MATCH(LARGE(I47:I59,3),I47:I59,0)),"N/A")} -> TB D/ST | I63: =IFERROR(LARGE(I47:I59,3),0) -> 20.8 | J63: {=IFERROR(INDEX(J47:J59,MATCH(LARGE(K47:K59,3),K47:K59,0)),"N/A")} -> B. NIX | K63: =IFERROR(LARGE(K47:K59,3),0) -> 21.98 | L63: {=IFERROR(INDEX(L47:L59,MATCH(LARGE(M47:M59,3),M47:M59,0)),"N/A")} -> J. TAYLOR | M63: =IFERROR(LARGE(M47:M59,3),0) -> 26.8 | N63: {=IFERROR(INDEX(N47:N59,MATCH(LARGE(O47:O59,3),O47:O59,0)),"N/A")} -> A. BROWN | O63: =IFERROR(LARGE(O47:O59,3),0) -> 29.1 | P63: {=IFERROR(INDEX(P47:P59,MATCH(LARGE(Q47:Q59,3),Q47:Q59,0)),"N/A")} -> J. WADDLE | Q63: =IFERROR(LARGE(Q47:Q59,3),0) -> 20.9 | R63: {=IFERROR(INDEX(R47:R59,MATCH(LARGE(S47:S59,3),S47:S59,0)),"N/A")} -> B. ROBINSON | S63: =IFERROR(LARGE(S47:S59,3),0) -> 18.8 | T63: {=IFERROR(INDEX(T47:T59,MATCH(LARGE(U47:U59,3),U47:U59,0)),"N/A")} -> J. WADDLE | U63: =IFERROR(LARGE(U47:U59,3),0) -> 19.4 | V63: {=IFERROR(INDEX(V47:V59,MATCH(LARGE(W47:W59,3),W47:W59,0)),"N/A")} -> M. STAFFORD | W63: =IFERROR(LARGE(W47:W59,3),0) -> 17.6 | X63: {=IFERROR(INDEX(X47:X59,MATCH(LARGE(Y47:Y59,3),Y47:Y59,0)),"N/A")} -> M. WILSON | Y63: =IFERROR(LARGE(Y47:Y59,3),0) -> 22.8 | Z63: {=IFERROR(INDEX(Z47:Z59,MATCH(LARGE(AA47:AA59,3),AA47:AA59,0)),"N/A")} -> NE D/ST | AA63: =IFERROR(LARGE(AA47:AA59,3),0) -> 29.87 | AB63: {=IFERROR(INDEX(AB47:AB59,MATCH(LARGE(AC47:AC59,3),AC47:AC59,0)),"N/A")} -> J. WADDLE | AC63: =IFERROR(LARGE(AC47:AC59,3),0) -> 18.2
A65: =Settings!A6 -> SAVAGES
B66: Week 1 | D66: Week 2 | F66: Week 3 | H66: Week 4 | J66: Week 5 | L66: Week 6 | N66: Week 7 | P66: Week 8 | R66: Week 9 | T66: Week 10 | V66: Week 11 | X66: Week 12 | Z66: Week 13 | AB66: Week 14 | AD66: Finale
A67: Team Rank | B67: 2 | D67: 10 | F67: 6 | H67: 6 | J67: 6 | L67: 7 | N67: 6 | P67: 7 | R67: 10 | T67: 8 | V67: 8 | X67: 9 | Z67: 10 | AB67: 10
A68: QB | B68: K. MURRAY | C68: 25.62 | D68: K. MURRAY | E68: 17.7 | F68: J. GOFF | G68: 17.48 | H68: J. GOFF | I68: 16.92 | J68: J. GOFF | K68: 29.32 | L68: J. GOFF | M68: 24.32 | N68: J. GOFF | O68: 13.94 | P68: A. RODGERS | Q68: 23.16 | R68: A. RODGERS | S68: 17.32 | T68: J. GOFF | U68: 35.2 | V68: A. RODGERS | W68: 12.14 | X68: J. GOFF | Y68: 23.16 | Z68: J. GOFF | AA68: 27.54 | AB68: J. GOFF | AC68: 22.56
A69: RB | B69: A. JEANTY | C69: 13.9 | D69: A. JEANTY | E69: 8.5 | F69: T. ETIENNE JR | G69: 13.2 | H69: T. ETIENNE JR. | I69: 22.4 | J69: T. ETIENNE JR | K69: 10 | L69: T. ETIENNE JR | M69: 10.7 | N69: A. JEANTY | O69: 5 | P69: J.K. DOBBINS | Q69: 16.6 | R69: T. ETIENNE | S69: 18.7 | T69: A. JEANTY | U69: 17.2 | V69: A. JEANTY | W69: 10 | X69: A. JEANTY | Y69: 26.5 | Z69: A. JEANTY | AA69: 13.6 | AB69: A. JEANTY | AC69: 6.8
A70: RB | B70: T. TRACY JR | C70: 6.5 | D70: T. ETIENNE JR | E70: 18.3 | F70: J. DOBBINS | G70: 16.4 | H70: J. DOBBINS | I70: 14.1 | J70: J. DOBBINS | K70: 17.4 | L70: J. DOBBINS | M70: 5.4 | N70: T. ETIENNE JR. | O70: 7.3 | P70: T. ALLGEIER | Q70: 9.8 | R70: J.K. DOBBINS | S70: 8.4 | T70: J. DOBBINS | U70: 11.2 | V70: T. ETIENNE | W70: 21.2 | X70: T. ETIENNE | Y70: 22.1 | Z70: T. ETIENNE | AA70: 6.3 | AB70: T. ETIENNE | AC70: 23.2
A71: RB
A72: WR | B72: J. CHASE | C72: 4.6 | D72: J. CHASE | E72: 37.5 | F72: J. CHASE | G72: 9 | H72: J. CHASE | I72: 7.3 | J72: J. CHASE | K72: 30 | L72: J. CHASE | M72: 25.2 | N72: J. CHASE | O72: 39.1 | P72: J. CHASE | Q72: 21.1 | R72: J. CHASE | S72: 18.1 | T72: D. LONDON | U72: 25.4 | V72: J. CHASE | W72: 6 | X72: J. CHASE | Y72: 0 | Z72: J. CHASE | AA72: 19 | AB72: J. CHASE | AC72: 10.3
A73: WR | B73: D. LONDON | C73: 13.5 | D73: T. HIGGINS | E73: 14.6 | F73: D. LONDON | G73: 10.5 | H73: Q. JOHNSTON | I73: 23.8 | J73: Q. JOHNSTON | K73: 7 | L73: D. LONDON | M73: 32.8 | N73: D. LONDON | O73: 8.2 | P73: D. LONDON | Q73: 0 | R73: D. LONDON | S73: 39.8 | T73: Q. JOHNSTON | U73: 9.2 | V73: D. LONDON | W73: 19.9 | X73: T. HIGGINS | Y73: 8.1 | Z73: T. HIGGINS | AA73: 0 | AB73: T. HIGGINS | AC73: 27.2
A74: WR | B74: T. HIGGINS | C74: 6.3 | D74: K. ALLEN | E74: 17.1 | F74: K. ALLEN | G74: 19.5 | H74: K. ALLEN | I74: 8.7 | J74: K. ALLEN | K74: 10.8 | L74: K. ALLEN | M74: 6.7 | N74: K. ALLEN | O74: 29.9 | P74: K. ALLEN | Q74: 8.4 | R74: K. ALLEN | S74: 6.1 | T74: K. ALLEN | U74: 3.9 | V74: T. HIGGINS | W74: 15.3 | X74: D. MOONEY | Y74: 16.4 | Z74: D. MOONEY | AA74: 4.5 | AB74: K. ALLEN | AC74: 5.2
A75: WR
A76: TE | B76: T. MCBRIDE | C76: 12.1 | D76: T. MCBRIDE | E76: 13.8 | F76: T. MCBRIDE | G76: 15.3 | H76: T. MCBRIDE | I76: 12.2 | J76: T. MCBRIDE | K76: 9.1 | L76: T. MCBRIDE | M76: 21.2 | N76: T. MCBRIDE | O76: 29.4 | P76: D. GOEDERT | Q76: 17.8 | R76: T. MCBRIDE | S76: 16.5 | T76: T. MCBRIDE | U76: 28.7 | V76: T. MCBRIDE | W76: 28.5 | X76: T. MCBRIDE | Y76: 16.9 | Z76: T. MCBRIDE | AA76: 22.2 | AB76: T. MCBRIDE | AC76: 10.8
A77: FLEX | B77: M. GOLDEN | C77: 4.15 | D77: D. LONDON | E77: 5.9 | F77: Q. JOHNSTON | G77: 14.9 | H77: D. LONDON | I77: 26 | J77: A. JEANTY | K77: 17.3 | L77: A. JEANTY | M77: 18.9 | N77: D. GODERT | O77: 4.8 | P77: T. HIGGINS | Q77: 11.4 | R77: A. JEANTY | S77: 21.2 | T77: T. ETIENNE | U77: 17.3 | V77: Q. JOHNSTON | W77: 0 | X77: D. GOEDERT | Y77: 4 | Z77: D. GOEDERT | AA77: 4.7 | AB77: D. GOEDERT | AC77: 15.8
A78: D/ST | B78: DET D/ST | C78: 8.32 | D78: DET D/ST | E78: 17.92 | F78: DET D/ST | G78: 21.5 | H78: DET D/ST | I78: 36.13 | J78: DET D/T | K78: 24.23 | L78: DET D/ST | M78: 10 | N78: DET D/ST | O78: 23.7 | P78: MIN D/ST | Q78: 4.75 | R78: DET D/ST | S78: 23.7 | T78: DET D/ST | U78: 8.24 | V78: DET D/ST | W78: 8.34 | X78: DET D/ST | Y78: 4.15 | Z78: DET D/ST | AA78: 2.73 | AB78: MIN D/ST | AC78: 22.39
A79: K | B79: M. PRATER | C79: 12 | D79: C. LITTLE | E79: 10 | F79: C. LITTLE | G79: 3.5 | H79: C. LITTLE | I79: 7.5 | J79: C. LITTLE | K79: 10 | L79: C. LITTLE | M79: -1 | N79: E. PINEIRO | O79: 12 | P79: E. PINEIRO | Q79: 1 | R79: E. PINEIRO | S79: 13 | T79: E. PINEIRO | U79: 2 | V79: E. PINEIRO | W79: 14 | X79: C. MCLAUGHLIN | Y79: 1 | Z79: C. MCLAUGHLIN | AA79: 11 | AB79: C. MCLAUGHLIN | AC79: 9
A80: HC | B80: BAL HC | C80: 10 | D80: BAL HC | E80: 20.3 | F80: BAL HC | G80: 6 | H80: BAL HC | I80: 0 | J80: BAL HC | K80: -9 | L80: JAX HC | M80: 0.6 | N80: JAX HC | O80: -9.9 | P80: CIN HC | Q80: 9.4 | R80: CIN HC | S80: 9.6 | T80: CAR HC | U80: -1.9 | V80: CIN HC | W80: -4.4 | X80: SF HC | Y80: 10 | Z80: SF HC | AA80: 13.8 | AB80: SF HC | AC80: 0
A81: Total Score | B81: =SUM(C68:C80) -> 116.99 | D81: =SUM(E68:E80) -> 181.62 | F81: =SUM(G68:G80) -> 147.28 | H81: =SUM(I68:I80) -> 175.05 | J81: =SUM(K68:K80) -> 156.15 | L81: =SUM(M68:M80) -> 154.82 | N81: =SUM(O68:O80) -> 163.44 | P81: =SUM(Q68:Q80) -> 123.41 | R81: =SUM(S68:S80) -> 192.42 | T81: =SUM(U68:U80) -> 156.44 | V81: =SUM(W68:W80) -> 130.98 | X81: =SUM(Y68:Y80) -> 132.31 | Z81: =SUM(AA68:AA80) -> 125.37 | AB81: =SUM(AC68:AC80) -> 153.25 | AD81: =SUM(AE68:AE80) -> 0
A82: MVP | B82: {=IFERROR(INDEX(B68:B80,MATCH(LARGE(C68:C80,1),C68:C80,0)),"N/A")} -> K. MURRAY | C82: =IFERROR(LARGE(C68:C80,1),0) -> 25.62 | D82: {=IFERROR(INDEX(D68:D80,MATCH(LARGE(E68:E80,1),E68:E80,0)),"N/A")} -> J. CHASE | E82: =IFERROR(LARGE(E68:E80,1),0) -> 37.5 | F82: {=IFERROR(INDEX(F68:F80,MATCH(LARGE(G68:G80,1),G68:G80,0)),"N/A")} -> DET D/ST | G82: =IFERROR(LARGE(G68:G80,1),0) -> 21.5 | H82: {=IFERROR(INDEX(H68:H80,MATCH(LARGE(I68:I80,1),I68:I80,0)),"N/A")} -> DET D/ST | I82: =IFERROR(LARGE(I68:I80,1),0) -> 36.13 | J82: {=IFERROR(INDEX(J68:J80,MATCH(LARGE(K68:K80,1),K68:K80,0)),"N/A")} -> J. CHASE | K82: =IFERROR(LARGE(K68:K80,1),0) -> 30 | L82: {=IFERROR(INDEX(L68:L80,MATCH(LARGE(M68:M80,1),M68:M80,0)),"N/A")} -> D. LONDON | M82: =IFERROR(LARGE(M68:M80,1),0) -> 32.8 | N82: {=IFERROR(INDEX(N68:N80,MATCH(LARGE(O68:O80,1),O68:O80,0)),"N/A")} -> J. CHASE | O82: =IFERROR(LARGE(O68:O80,1),0) -> 39.1 | P82: {=IFERROR(INDEX(P68:P80,MATCH(LARGE(Q68:Q80,1),Q68:Q80,0)),"N/A")} -> A. RODGERS | Q82: =IFERROR(LARGE(Q68:Q80,1),0) -> 23.16 | R82: {=IFERROR(INDEX(R68:R80,MATCH(LARGE(S68:S80,1),S68:S80,0)),"N/A")} -> D. LONDON | S82: =IFERROR(LARGE(S68:S80,1),0) -> 39.8 | T82: {=IFERROR(INDEX(T68:T80,MATCH(LARGE(U68:U80,1),U68:U80,0)),"N/A")} -> J. GOFF | U82: =IFERROR(LARGE(U68:U80,1),0) -> 35.2 | V82: {=IFERROR(INDEX(V68:V80,MATCH(LARGE(W68:W80,1),W68:W80,0)),"N/A")} -> T. MCBRIDE | W82: =IFERROR(LARGE(W68:W80,1),0) -> 28.5 | X82: {=IFERROR(INDEX(X68:X80,MATCH(LARGE(Y68:Y80,1),Y68:Y80,0)),"N/A")} -> A. JEANTY | Y82: =IFERROR(LARGE(Y68:Y80,1),0) -> 26.5 | Z82: {=IFERROR(INDEX(Z68:Z80,MATCH(LARGE(AA68:AA80,1),AA68:AA80,0)),"N/A")} -> J. GOFF | AA82: =IFERROR(LARGE(AA68:AA80,1),0) -> 27.54 | AB82: {=IFERROR(INDEX(AB68:AB80,MATCH(LARGE(AC68:AC80,1),AC68:AC80,0)),"N/A")} -> T. HIGGINS | AC82: =IFERROR(LARGE(AC68:AC80,1),0) -> 27.2 | AD82: {=INDEX(AD68:AD80,MATCH(LARGE(AE68:AE80,1),AE68:AE80,0))} -> #NUM! | AE82: =LARGE(AE68:AE80,1) -> #NUM!
A83: #2 | B83: {=IFERROR(INDEX(B68:B80,MATCH(LARGE(C68:C80,2),C68:C80,0)),"N/A")} -> A. JEANTY | C83: =IFERROR(LARGE(C68:C80,2),0) -> 13.9 | D83: {=IFERROR(INDEX(D68:D80,MATCH(LARGE(E68:E80,2),E68:E80,0)),"N/A")} -> BAL HC | E83: =IFERROR(LARGE(E68:E80,2),0) -> 20.3 | F83: {=IFERROR(INDEX(F68:F80,MATCH(LARGE(G68:G80,2),G68:G80,0)),"N/A")} -> K. ALLEN | G83: =IFERROR(LARGE(G68:G80,2),0) -> 19.5 | H83: {=IFERROR(INDEX(H68:H80,MATCH(LARGE(I68:I80,2),I68:I80,0)),"N/A")} -> D. LONDON | I83: =IFERROR(LARGE(I68:I80,2),0) -> 26 | J83: {=IFERROR(INDEX(J68:J80,MATCH(LARGE(K68:K80,2),K68:K80,0)),"N/A")} -> J. GOFF | K83: =IFERROR(LARGE(K68:K80,2),0) -> 29.32 | L83: {=IFERROR(INDEX(L68:L80,MATCH(LARGE(M68:M80,2),M68:M80,0)),"N/A")} -> J. CHASE | M83: =IFERROR(LARGE(M68:M80,2),0) -> 25.2 | N83: {=IFERROR(INDEX(N68:N80,MATCH(LARGE(O68:O80,2),O68:O80,0)),"N/A")} -> K. ALLEN | O83: =IFERROR(LARGE(O68:O80,2),0) -> 29.9 | P83: {=IFERROR(INDEX(P68:P80,MATCH(LARGE(Q68:Q80,2),Q68:Q80,0)),"N/A")} -> J. CHASE | Q83: =IFERROR(LARGE(Q68:Q80,2),0) -> 21.1 | R83: {=IFERROR(INDEX(R68:R80,MATCH(LARGE(S68:S80,2),S68:S80,0)),"N/A")} -> DET D/ST | S83: =IFERROR(LARGE(S68:S80,2),0) -> 23.7 | T83: {=IFERROR(INDEX(T68:T80,MATCH(LARGE(U68:U80,2),U68:U80,0)),"N/A")} -> T. MCBRIDE | U83: =IFERROR(LARGE(U68:U80,2),0) -> 28.7 | V83: {=IFERROR(INDEX(V68:V80,MATCH(LARGE(W68:W80,2),W68:W80,0)),"N/A")} -> T. ETIENNE | W83: =IFERROR(LARGE(W68:W80,2),0) -> 21.2 | X83: {=IFERROR(INDEX(X68:X80,MATCH(LARGE(Y68:Y80,2),Y68:Y80,0)),"N/A")} -> J. GOFF | Y83: =IFERROR(LARGE(Y68:Y80,2),0) -> 23.16 | Z83: {=IFERROR(INDEX(Z68:Z80,MATCH(LARGE(AA68:AA80,2),AA68:AA80,0)),"N/A")} -> T. MCBRIDE | AA83: =IFERROR(LARGE(AA68:AA80,2),0) -> 22.2 | AB83: {=IFERROR(INDEX(AB68:AB80,MATCH(LARGE(AC68:AC80,2),AC68:AC80,0)),"N/A")} -> T. ETIENNE | AC83: =IFERROR(LARGE(AC68:AC80,2),0) -> 23.2
A84: #3 | B84: {=IFERROR(INDEX(B68:B80,MATCH(LARGE(C68:C80,3),C68:C80,0)),"N/A")} -> D. LONDON | C84: =IFERROR(LARGE(C68:C80,3),0) -> 13.5 | D84: {=IFERROR(INDEX(D68:D80,MATCH(LARGE(E68:E80,3),E68:E80,0)),"N/A")} -> T. ETIENNE JR | E84: =IFERROR(LARGE(E68:E80,3),0) -> 18.3 | F84: {=IFERROR(INDEX(F68:F80,MATCH(LARGE(G68:G80,3),G68:G80,0)),"N/A")} -> J. GOFF | G84: =IFERROR(LARGE(G68:G80,3),0) -> 17.48 | H84: {=IFERROR(INDEX(H68:H80,MATCH(LARGE(I68:I80,3),I68:I80,0)),"N/A")} -> Q. JOHNSTON | I84: =IFERROR(LARGE(I68:I80,3),0) -> 23.8 | J84: {=IFERROR(INDEX(J68:J80,MATCH(LARGE(K68:K80,3),K68:K80,0)),"N/A")} -> DET D/T | K84: =IFERROR(LARGE(K68:K80,3),0) -> 24.23 | L84: {=IFERROR(INDEX(L68:L80,MATCH(LARGE(M68:M80,3),M68:M80,0)),"N/A")} -> J. GOFF | M84: =IFERROR(LARGE(M68:M80,3),0) -> 24.32 | N84: {=IFERROR(INDEX(N68:N80,MATCH(LARGE(O68:O80,3),O68:O80,0)),"N/A")} -> T. MCBRIDE | O84: =IFERROR(LARGE(O68:O80,3),0) -> 29.4 | P84: {=IFERROR(INDEX(P68:P80,MATCH(LARGE(Q68:Q80,3),Q68:Q80,0)),"N/A")} -> D. GOEDERT | Q84: =IFERROR(LARGE(Q68:Q80,3),0) -> 17.8 | R84: {=IFERROR(INDEX(R68:R80,MATCH(LARGE(S68:S80,3),S68:S80,0)),"N/A")} -> A. JEANTY | S84: =IFERROR(LARGE(S68:S80,3),0) -> 21.2 | T84: {=IFERROR(INDEX(T68:T80,MATCH(LARGE(U68:U80,3),U68:U80,0)),"N/A")} -> D. LONDON | U84: =IFERROR(LARGE(U68:U80,3),0) -> 25.4 | V84: {=IFERROR(INDEX(V68:V80,MATCH(LARGE(W68:W80,3),W68:W80,0)),"N/A")} -> D. LONDON | W84: =IFERROR(LARGE(W68:W80,3),0) -> 19.9 | X84: {=IFERROR(INDEX(X68:X80,MATCH(LARGE(Y68:Y80,3),Y68:Y80,0)),"N/A")} -> T. ETIENNE | Y84: =IFERROR(LARGE(Y68:Y80,3),0) -> 22.1 | Z84: {=IFERROR(INDEX(Z68:Z80,MATCH(LARGE(AA68:AA80,3),AA68:AA80,0)),"N/A")} -> J. CHASE | AA84: =IFERROR(LARGE(AA68:AA80,3),0) -> 19 | AB84: {=IFERROR(INDEX(AB68:AB80,MATCH(LARGE(AC68:AC80,3),AC68:AC80,0)),"N/A")} -> J. GOFF | AC84: =IFERROR(LARGE(AC68:AC80,3),0) -> 22.56
A86: =Settings!A7 -> CHAMPS
B87: Week 1 | D87: Week 2 | F87: Week 3 | H87: Week 4 | J87: Week 5 | L87: Week 6 | N87: Week 7 | P87: Week 8 | R87: Week 9 | T87: Week 10 | V87: Week 11 | X87: Week 12 | Z87: Week 13 | AB87: Week 14 | AD87: Finale
A88: Team Rank | B88: 6 | D88: 1 | F88: 5 | H88: 5 | J88: 5 | L88: 6 | N88: 7 | P88: 6 | R88: 8 | T88: 5 | V88: 5 | X88: 6 | Z88: 6 | AB88: 6
A89: QB | B89: J. HERBERT | C89: 38.82 | D89: J. HERBERT | E89: 25.88 | F89: J. HERBERT | G89: 18.8 | H89: J. HERBERT | I89: 14.02 | J89: J. HERBERT | K89: 19.24 | L89: J. DANIELS | M89: 30.24 | N89: J. DANIELS | O89: 20.94 | P89: J. HERBERT | Q89: 33.38 | R89: J. HERBERT | S89: 33.6 | T89: J. HERBERT | U89: 18.6 | V89: J. HERBERT | W89: 3.24 | X89: J. LOVE | Y89: 8.76 | Z89: J. LOVE | AA89: 35.46 | AB89: J. LOVE | AC89: 26.36
A90: RB | B90: J. GIBBS | C90: 15.9 | D90: J. GIBBS | E90: 20.6 | F90: J. GIBBS | G90: 29.1 | H90: J. GIBBS | I90: 19.2 | J90: J. GIBBS | K90: 17.9 | L90: J. JACOBS | M90: 33.8 | N90: J. JACOBS | O90: 20.1 | P90: J. JACOBS | Q90: 14.8 | R90: K. WILLIAMS | S90: 20.9 | T90: J. JACOBS | U90: 21.8 | V90: J. JACOBS | W90: 4.7 | X90: K. WILLIAMS | Y90: 7.4 | Z90: K. WILLIAMS | AA90: 14.5 | AB90: K. WILLIAMS | AC90: 19
A91: RB | B91: J. JACOBS | C91: 15.9 | D91: J. JACOBS | E91: 16.7 | F91: J. JACOBS | G91: 14 | H91: J. JACOBS | I91: 33.9 | J91: K. WILLIAMS | K91: 32.5 | L91: K. WILLIAMS | M91: 18 | N91: K. WILLIAMS | O91: 9.7 | P91: C. BROWN | Q91: 26.7 | R91: C. BROWN | S91: 20.3 | T91: K. WILLIAMS | U91: 23.8 | V91: K. WILLIAMS | W91: 17.8 | X91: D. MONTGOMERY | Y91: 7.2 | Z91: D. MONTGOMERY | AA91: 13.4 | AB91: D. MONTGOMERY | AC91: 14.9
A92: RB
A93: WR | B93: D. ADAMS | C93: 9.1 | D93: D. ADAMS | E93: 23.6 | F93: D. ADAMS | G93: 14.6 | H93: D. ADAMS | I93: 15.6 | J93: D. ADAMS | K93: 13.8 | L93: D. ADAMS | M93: 7.9 | N93: D. ADAMS | O93: 26.5 | P93: M. PITTMAN JR. | Q93: 23.5 | R93: D. ADAMS | S93: 23 | T93: D. ADAMS | U93: 19.7 | V93: D. ADAMS | W93: 7.1 | X93: D. ADAMS | Y93: 23.2 | Z93: D. ADAMS | AA93: 21.8 | AB93: D. ADAMS | AC93: 6.9
A94: WR | B94: M. HARRISON JR | C94: 18.1 | D94: M. HARRISON JR | E94: 4.7 | F94: M. HARRISON JR | G94: 7.4 | H94: M. HARRISON JR | I94: 18.6 | J94: M. HARRISON JR | K94: 13.8 | L94: M. HARRISON JR. | M94: 5.2 | N94: M. HARRISON JR. | O94: 7.8 | P94: T. MCLAURIN | Q94: 14.4 | R94: M. HARRISON | S94: 22.6 | T94: M. HARRISON | U94: 14.3 | V94: G. DORTCH | W94: 25.1 | X94: M. PITTMAN | Y94: 13.7 | Z94: M. PITTMAN | AA94: 2.3 | AB94: M. PITTMAN | AC94: 16.9
A95: WR | B95: G. WILSON | C95: 22.5 | D95: G. WILSON | E95: 9 | F95: G. WILSON | G95: 24.4 | H95: G. WILSON | I95: 20.2 | J95: G. WILSON | K95: 19.1 | L95: M. PITTMAN JR | M95: 4 | N95: M. PITTMAN JR. | O95: 20.8 | P95: J. NOEL | Q95: 11.85 | R95: M. PITTMAN | S95: 21.5 | T95: M. PITTMAN | U95: 3.9 | V95: C. AUSTIN | W95: 2.25 | X95: G. DORTCH | Y95: 23.35 | Z95: G. DORTCH | AA95: 5.2 | AB95: C. AUSTIN | AC95: 4.7
A96: WR
A97: TE | B97: D. NJOKU | C97: 6.7 | D97: D. NJOKU | E97: 8 | F97: J. JOHNSON | G97: 11.1 | H97: J.JOHNSON | I97: 5.8 | J97: J. JOHNSON | K97: 3.7 | L97: D. NJOKU | M97: 5.8 | N97: J. JOHNSON | O97: 12.9 | P97: D. NJOKU | Q97: 13.7 | R97: J. JOHNSON | S97: 12.1 | T97: D. NJOKU | U97: 10.1 | V97: D. NJOKU | W97: 1.7 | X97: J. JOHNSON | Y97: 10.6 | Z97: J. JOHNSON | AA97: 8.9 | AB97: J. JOHNSON | AC97: 7.8
A98: FLEX | B98: K. WILLIAMS | C98: 15.7 | D98: K. WILLIAMS | E98: 11.7 | F98: D. MONTGOMERY | G98: 31.6 | H98: D. MONTGOMERY | I98: 2.1 | J98: D. MONTGOMERY | K98: 22.22 | L98: G. WILSON | M98: 4.3 | N98: D. MONTGOMERY | O98: 7.2 | P98: J. JOHNSON | Q98: 10.3 | R98: D. MONTGOMERY | S98: 12.1 | T98: D. MONTGOMERY | U98: 11.6 | V98: D. MONTGOMERY | W98: 5.3 | X98: C. BROWN | Y98: 17.9 | Z98: C. BROWN | AA98: 19.8 | AB98: J. JACOBS | AC98: 19.2
A99: D/ST | B99: MIN D/DT | C99: 19.09 | D99: MIN D/ST | E99: 15.23 | F99: MIN D/ST | G99: 54.64 | H99: MIN D/ST | I99: 15.24 | J99: MIN D/ST | K99: 11.3 | L99: TEN D/ST | M99: 12.3 | N99: CAR D/ST | O99: 29.05 | P99: NYJ D/ST | Q99: 5.54 | R99: LV D/ST | S99: 11.6 | T99: BAL D/ST | U99: 19.07 | V99: BAL D/ST | W99: 24.83 | X99: BAL D/ST | Y99: 21.3 | Z99: BAL D/ST | AA99: 8.1 | AB99: BAL D/ST | AC99: 5.97
A100: K | B100: C. DICKER | C100: 9 | D100: C. DICKER | E100: 8 | F100: C. SANTOS | G100: 7 | H100: C. DICKER | I100: 5 | J100: C. DICKER | K100: 7 | L100: C. DICKER | M100: 17 | N100: C. DICKER | O100: 7 | P100: C. SANTOS | Q100: 10 | R100: C. SANTOS | S100: 9.5 | T100: C. DICKER | U100: 14 | V100: C. DICKER | W100: 8 | X100: C. SANTOS | Y100: 8 | Z100: C. DICKER | AA100: 10 | AB100: C. DICKER | AC100: 21
A101: HC | B101: CIN HC | C101: 7.1 | D101: CIN HC | E101: 11.3 | F101: IND HC | G101: 20.3 | H101: CHI HC | I101: 9.5 | J101: ARI HC | K101: 4.3 | L101: PIT HC | M101: 10.9 | N101: PIT HC | O101: 7.3 | P101: HOU HC | Q101: 11.8 | R101: BAL HC | S101: 16.4 | T101: BAL HC | U101: 11.1 | V101: PIT HC | W101: 18.2 | X101: BAL HC | Y101: 10.9 | Z101: BAL HC | AA101: -1.8 | AB101: BAL HC | AC101: 3.6
A102: Total Score | B102: =SUM(C89:C101) -> 177.91 | D102: =SUM(E89:E101) -> 154.71 | F102: =SUM(G89:G101) -> 232.94 | H102: =SUM(I89:I101) -> 159.16 | J102: =SUM(K89:K101) -> 164.86 | L102: =SUM(M89:M101) -> 149.44 | N102: =SUM(O89:O101) -> 169.29 | P102: =SUM(Q89:Q101) -> 175.97 | R102: =SUM(S89:S101) -> 203.6 | T102: =SUM(U89:U101) -> 167.97 | V102: =SUM(W89:W101) -> 118.22 | X102: =SUM(Y89:Y101) -> 152.31 | Z102: =SUM(AA89:AA101) -> 137.66 | AB102: =SUM(AC89:AC101) -> 146.33 | AD102: =SUM(AE89:AE101) -> 0
A103: MVP | B103: {=IFERROR(INDEX(B89:B101,MATCH(LARGE(C89:C101,1),C89:C101,0)),"N/A")} -> J. HERBERT | C103: =IFERROR(LARGE(C89:C101,1),0) -> 38.82 | D103: {=IFERROR(INDEX(D89:D101,MATCH(LARGE(E89:E101,1),E89:E101,0)),"N/A")} -> J. HERBERT | E103: =IFERROR(LARGE(E89:E101,1),0) -> 25.88 | F103: {=IFERROR(INDEX(F89:F101,MATCH(LARGE(G89:G101,1),G89:G101,0)),"N/A")} -> MIN D/ST | G103: =IFERROR(LARGE(G89:G101,1),0) -> 54.64 | H103: {=IFERROR(INDEX(H89:H101,MATCH(LARGE(I89:I101,1),I89:I101,0)),"N/A")} -> J. JACOBS | I103: =IFERROR(LARGE(I89:I101,1),0) -> 33.9 | J103: {=IFERROR(INDEX(J89:J101,MATCH(LARGE(K89:K101,1),K89:K101,0)),"N/A")} -> K. WILLIAMS | K103: =IFERROR(LARGE(K89:K101,1),0) -> 32.5 | L103: {=IFERROR(INDEX(L89:L101,MATCH(LARGE(M89:M101,1),M89:M101,0)),"N/A")} -> J. JACOBS | M103: =IFERROR(LARGE(M89:M101,1),0) -> 33.8 | N103: {=IFERROR(INDEX(N89:N101,MATCH(LARGE(O89:O101,1),O89:O101,0)),"N/A")} -> CAR D/ST | O103: =IFERROR(LARGE(O89:O101,1),0) -> 29.05 | P103: {=IFERROR(INDEX(P89:P101,MATCH(LARGE(Q89:Q101,1),Q89:Q101,0)),"N/A")} -> J. HERBERT | Q103: =IFERROR(LARGE(Q89:Q101,1),0) -> 33.38 | R103: {=IFERROR(INDEX(R89:R101,MATCH(LARGE(S89:S101,1),S89:S101,0)),"N/A")} -> J. HERBERT | S103: =IFERROR(LARGE(S89:S101,1),0) -> 33.6 | T103: {=IFERROR(INDEX(T89:T101,MATCH(LARGE(U89:U101,1),U89:U101,0)),"N/A")} -> K. WILLIAMS | U103: =IFERROR(LARGE(U89:U101,1),0) -> 23.8 | V103: {=IFERROR(INDEX(V89:V101,MATCH(LARGE(W89:W101,1),W89:W101,0)),"N/A")} -> G. DORTCH | W103: =IFERROR(LARGE(W89:W101,1),0) -> 25.1 | X103: {=IFERROR(INDEX(X89:X101,MATCH(LARGE(Y89:Y101,1),Y89:Y101,0)),"N/A")} -> G. DORTCH | Y103: =IFERROR(LARGE(Y89:Y101,1),0) -> 23.35 | Z103: {=IFERROR(INDEX(Z89:Z101,MATCH(LARGE(AA89:AA101,1),AA89:AA101,0)),"N/A")} -> J. LOVE | AA103: =IFERROR(LARGE(AA89:AA101,1),0) -> 35.46 | AB103: {=IFERROR(INDEX(AB89:AB101,MATCH(LARGE(AC89:AC101,1),AC89:AC101,0)),"N/A")} -> J. LOVE | AC103: =IFERROR(LARGE(AC89:AC101,1),0) -> 26.36 | AD103: {=INDEX(AD89:AD101,MATCH(LARGE(AE89:AE101,1),AE89:AE101,0))} -> #NUM! | AE103: =LARGE(AE89:AE101,1) -> #NUM!
A104: #2 | B104: {=IFERROR(INDEX(B89:B101,MATCH(LARGE(C89:C101,2),C89:C101,0)),"N/A")} -> G. WILSON | C104: =IFERROR(LARGE(C89:C101,2),0) -> 22.5 | D104: {=IFERROR(INDEX(D89:D101,MATCH(LARGE(E89:E101,2),E89:E101,0)),"N/A")} -> D. ADAMS | E104: =IFERROR(LARGE(E89:E101,2),0) -> 23.6 | F104: {=IFERROR(INDEX(F89:F101,MATCH(LARGE(G89:G101,2),G89:G101,0)),"N/A")} -> D. MONTGOMERY | G104: =IFERROR(LARGE(G89:G101,2),0) -> 31.6 | H104: {=IFERROR(INDEX(H89:H101,MATCH(LARGE(I89:I101,2),I89:I101,0)),"N/A")} -> G. WILSON | I104: =IFERROR(LARGE(I89:I101,2),0) -> 20.2 | J104: {=IFERROR(INDEX(J89:J101,MATCH(LARGE(K89:K101,2),K89:K101,0)),"N/A")} -> D. MONTGOMERY | K104: =IFERROR(LARGE(K89:K101,2),0) -> 22.22 | L104: {=IFERROR(INDEX(L89:L101,MATCH(LARGE(M89:M101,2),M89:M101,0)),"N/A")} -> J. DANIELS | M104: =IFERROR(LARGE(M89:M101,2),0) -> 30.24 | N104: {=IFERROR(INDEX(N89:N101,MATCH(LARGE(O89:O101,2),O89:O101,0)),"N/A")} -> D. ADAMS | O104: =IFERROR(LARGE(O89:O101,2),0) -> 26.5 | P104: {=IFERROR(INDEX(P89:P101,MATCH(LARGE(Q89:Q101,2),Q89:Q101,0)),"N/A")} -> C. BROWN | Q104: =IFERROR(LARGE(Q89:Q101,2),0) -> 26.7 | R104: {=IFERROR(INDEX(R89:R101,MATCH(LARGE(S89:S101,2),S89:S101,0)),"N/A")} -> D. ADAMS | S104: =IFERROR(LARGE(S89:S101,2),0) -> 23 | T104: {=IFERROR(INDEX(T89:T101,MATCH(LARGE(U89:U101,2),U89:U101,0)),"N/A")} -> J. JACOBS | U104: =IFERROR(LARGE(U89:U101,2),0) -> 21.8 | V104: {=IFERROR(INDEX(V89:V101,MATCH(LARGE(W89:W101,2),W89:W101,0)),"N/A")} -> BAL D/ST | W104: =IFERROR(LARGE(W89:W101,2),0) -> 24.83 | X104: {=IFERROR(INDEX(X89:X101,MATCH(LARGE(Y89:Y101,2),Y89:Y101,0)),"N/A")} -> D. ADAMS | Y104: =IFERROR(LARGE(Y89:Y101,2),0) -> 23.2 | Z104: {=IFERROR(INDEX(Z89:Z101,MATCH(LARGE(AA89:AA101,2),AA89:AA101,0)),"N/A")} -> D. ADAMS | AA104: =IFERROR(LARGE(AA89:AA101,2),0) -> 21.8 | AB104: {=IFERROR(INDEX(AB89:AB101,MATCH(LARGE(AC89:AC101,2),AC89:AC101,0)),"N/A")} -> C. DICKER | AC104: =IFERROR(LARGE(AC89:AC101,2),0) -> 21
A105: #3 | B105: {=IFERROR(INDEX(B89:B101,MATCH(LARGE(C89:C101,3),C89:C101,0)),"N/A")} -> MIN D/DT | C105: =IFERROR(LARGE(C89:C101,3),0) -> 19.09 | D105: {=IFERROR(INDEX(D89:D101,MATCH(LARGE(E89:E101,3),E89:E101,0)),"N/A")} -> J. GIBBS | E105: =IFERROR(LARGE(E89:E101,3),0) -> 20.6 | F105: {=IFERROR(INDEX(F89:F101,MATCH(LARGE(G89:G101,3),G89:G101,0)),"N/A")} -> J. GIBBS | G105: =IFERROR(LARGE(G89:G101,3),0) -> 29.1 | H105: {=IFERROR(INDEX(H89:H101,MATCH(LARGE(I89:I101,3),I89:I101,0)),"N/A")} -> J. GIBBS | I105: =IFERROR(LARGE(I89:I101,3),0) -> 19.2 | J105: {=IFERROR(INDEX(J89:J101,MATCH(LARGE(K89:K101,3),K89:K101,0)),"N/A")} -> J. HERBERT | K105: =IFERROR(LARGE(K89:K101,3),0) -> 19.24 | L105: {=IFERROR(INDEX(L89:L101,MATCH(LARGE(M89:M101,3),M89:M101,0)),"N/A")} -> K. WILLIAMS | M105: =IFERROR(LARGE(M89:M101,3),0) -> 18 | N105: {=IFERROR(INDEX(N89:N101,MATCH(LARGE(O89:O101,3),O89:O101,0)),"N/A")} -> J. DANIELS | O105: =IFERROR(LARGE(O89:O101,3),0) -> 20.94 | P105: {=IFERROR(INDEX(P89:P101,MATCH(LARGE(Q89:Q101,3),Q89:Q101,0)),"N/A")} -> M. PITTMAN JR. | Q105: =IFERROR(LARGE(Q89:Q101,3),0) -> 23.5 | R105: {=IFERROR(INDEX(R89:R101,MATCH(LARGE(S89:S101,3),S89:S101,0)),"N/A")} -> M. HARRISON | S105: =IFERROR(LARGE(S89:S101,3),0) -> 22.6 | T105: {=IFERROR(INDEX(T89:T101,MATCH(LARGE(U89:U101,3),U89:U101,0)),"N/A")} -> D. ADAMS | U105: =IFERROR(LARGE(U89:U101,3),0) -> 19.7 | V105: {=IFERROR(INDEX(V89:V101,MATCH(LARGE(W89:W101,3),W89:W101,0)),"N/A")} -> PIT HC | W105: =IFERROR(LARGE(W89:W101,3),0) -> 18.2 | X105: {=IFERROR(INDEX(X89:X101,MATCH(LARGE(Y89:Y101,3),Y89:Y101,0)),"N/A")} -> BAL D/ST | Y105: =IFERROR(LARGE(Y89:Y101,3),0) -> 21.3 | Z105: {=IFERROR(INDEX(Z89:Z101,MATCH(LARGE(AA89:AA101,3),AA89:AA101,0)),"N/A")} -> C. BROWN | AA105: =IFERROR(LARGE(AA89:AA101,3),0) -> 19.8 | AB105: {=IFERROR(INDEX(AB89:AB101,MATCH(LARGE(AC89:AC101,3),AC89:AC101,0)),"N/A")} -> J. JACOBS | AC105: =IFERROR(LARGE(AC89:AC101,3),0) -> 19.2
...

Sheet Weekly Scores
A1: walk | B1: WEEK | C1: GAME | D1: TEAM 1 RANK | E1: DIVISON | F1: Away Team | G1: TEAM 1 SCORE | H1: Home Team | I1: TEAM 2 | J1: DIVISON | K1: TEAM 2 RANK | L1: MOTW RANKING | M1: GAME # | N1: WINNER | O1: OPPOSING TEAM | P1: BLOWOUT | Q1: SCORE GAP | R1: COMBINED SCORE | S1: MOTW | T1: TEAM WITH HIGHEST SCORE | U1: UPSET | V1: Week | AH1: LOW SCORE GAP RANK | AI1: HIGH SCORE GAP RANK | AJ1: LOW COMBINED SCORE RANK | AK1: HIGH COMBINED SCORE RANK | AL1: GAME QUALITY | AM1: BEST GAME QUALITY RANK | AN1: WORST GAME QUALITY RANK | AP1: MOTW BEST GAME QUALITY RANK | AQ1: MOTW RANKING | AR1: UPSET MOTW RANK | AS1: UPSET RANK | AV1: ="Top 5 Greatest "& Settings!$R$3& " MOTW Regular Season Games - PVE FFL" -> Top 5 Greatest 2025 MOTW Regular Season Games - PVE FFL | BG1: Rank | BH1: Team Name | BI1: Overall Wins | BJ1: Overall Losses | BK1: Overall Win % | BL1: Division Name | BM1: Divisional Wins | BN1: Divisonal Losses | BO1: Divisional Win % | BP1: MOTW Wins | BQ1: MOTW Losses | BR1: MOTW Win % | BS1: MOTW GAMES PLAY | BT1: MOTW RANK | BU1: UPSETS | BW1: BLOWOUTS | BX1: AWAY Wins | BY1: AWAY Losses | BZ1: Away Win % | CA1: HOME Wins | CB1: HOME Losses | CC1: HOME Win % | CE1: Schedule Competivness | CF1: SOS L | CG1: SOS R
A2: 1 | B2: {=INDEX(Settings!H$2:H$72, ROW())} -> WEEK 1 | C2: {=INDEX(Settings!I$2:I$72, ROW())} -> GAME 1 | D2: {=INDEX('BACKEND 1'!$V$28:$AK$38, MATCH(F2, 'BACKEND 1'!$V$28:$V$38, 0), MATCH(B2, 'BACKEND 1'!$V$28:$AK$28, 0))} -> 10 | E2: =VLOOKUP(F2, Settings!$A$3:$C$12, 3, FALSE) -> PRODIGY | F2: {=INDEX(Settings!J$2:J$72, ROW())} -> KINGS | G2: =SUMIFS('All-Stars'!E:E, 'All-Stars'!B:B, F2, 'All-Stars'!F:F, B2) -> 142.22 | H2: =SUMIFS('All-Stars'!E:E, 'All-Stars'!B:B, I2, 'All-Stars'!F:F, B2) -> 156.47 | I2: {=INDEX(Settings!K$2:K$72, ROW())} -> YARDIES | J2: =VLOOKUP(I2, Settings!$A$3:$C$12, 3, FALSE) -> ESTEEMED | K2: {=INDEX('BACKEND 1'!$V$28:$AK$38, MATCH(I2, 'BACKEND 1'!$V$28:$V$38, 0), MATCH(B2, 'BACKEND 1'!$V$28:$AK$28, 0))} -> 9 | L2: {=IFERROR(IF(D2=0,"-",INDEX('BACKEND 1'!$V$54:$AF$64, MATCH(D2, 'BACKEND 1'!$V$54:$V$64, 0), MATCH(K2, 'BACKEND 1'!$V$54:$AF$54, 0))),"-")} -> 11.707107 | M2: =_xlfn.RANK.EQ(L2,L2:L6,1) -> 4 | N2: =IF(G2 > H2, F2, IF(H2 > G2, I2, "Tie")) -> YARDIES | O2: =IF(G2 < H2, F2, IF(H2 < G2, I2, "Tie")) -> KINGS | P2: =IF(G2=0,"",IF(Q2 > 40, "YES", "")) | Q2: =IF(G2=0,"-",ABS(G2 - H2)) -> 14.25 | R2: =IF(G2=0,"-",G2 + H2) -> 298.69 | S2: =IF(AND(L2 <> 0, L2 = MINIFS(L$2:L$72, B$2:B$72, B2)), "MOTW", "") | U2: =IF(OR(AND(K2>D2,H2>G2),AND(D2>K2, G2>H2)), "UPSET", "") | V2: 1 | W2: =IF(OR(N2=F2,N2=H2),1,0) -> 0 | X2: =IF(OR(N2="POPEYES"), IF(ROW()=2,1,IF(N1="POPEYES",X1+1,1)), 0) -> 0 | Z2: Closest Score Game, Winner | AC2: {=MIN(IF(Q2:Q71<>0,Q2:Q71))} -> 0.2 | AD2: {=INDEX(N2:N71, MATCH(AC2, Q2:Q71, 0))} -> MUTTS | AE2: {=INDEX(B2:B71, MATCH(AC2, Q2:Q71, 0))} -> WEEK 10 | AH2: =IFERROR(IF(G2=0,"-",_xlfn.RANK.EQ(Q2,$Q:$Q,1)+(COUNTIFS(Q:Q, Q2, G:G, ">" & G2))),"ERROR") -> 14 | AI2: =IFERROR(IF(G2=0,"-",_xlfn.RANK.EQ(Q2,$Q:$Q,0)+(COUNTIFS(Q:Q, Q2, AK:AK, "<" & AK2))),"ERROR") -> 57 | AJ2: =IFERROR(IF(G2=0,"-",_xlfn.RANK.EQ(R2,$R:$R,1)+(COUNTIFS(R:R, R2, AH:AH, "<" & AH2))),"ERROR") -> 21 | AK2: =IFERROR(IF(G2=0,"-",_xlfn.RANK.EQ(R2,$R:$R,0)+(COUNTIFS(R:R, R2, AH:AH, "<" & AH2))),"ERROR") -> 50 | AL2: =IFERROR(IF(G2=0,"-",AVERAGE(AH2,AK2)),"UPCOMING") -> 32 | AM2: =IFERROR(IF(G2=0,"-",_xlfn.RANK.EQ(AL2,AL:AL,1)+(COUNTIFS(AL:AL,AL2,AH:AH,"<"&AH2))),"UPCOMING") -> 29 | AN2: =IFERROR(IF(G2=0,"-",_xlfn.RANK.EQ(AL2,AL:AL,0)+(COUNTIFS(AL:AL,AL2,AI:AI,"<"&AI2))),"UPCOMING") -> 42 | AO2: =IFERROR(IF((AND(G2<>0, S2="MOTW")),AVERAGE(AH2,AK2),"-"),"UPCOMING") -> - | AP2: =IFERROR(IF(AND(G2<>0, S2="MOTW"), _xlfn.RANK.EQ(AO2, AO:AO, 1) + COUNTIFS(AO:AO, AO2, AH:AH, "<" & AH2), "UPCOMING"), "-") -> UPCOMING | AQ2: =_xlfn.RANK.EQ(L2,$L$2:$L$70,1)+COUNTIFS($L$2:$L$70,L2,$AM$2:$AM$70,"<"&AM2) -> 28 | AR2: =IFERROR(IF(AND(G2<>0, U2="UPSET"), L2,"NO UPSET"),"-") -> NO UPSET | AS2: =IFERROR(IF(AL2="NO UPSET","-",_xlfn.RANK.EQ(AR2,$AR$2:$AR$70,0)+COUNTIFS($AR$2:$AR$70,AR2,$AL$2:$AL$70,"<"&AL2)),"-") -> - | AV2: Top 20 | AW2: Game Value | AX2: Year | AY2: Week | AZ2: Winner | BA2: Opposing Team | BB2: Game Ref # | BC2: Score gap | BD2: Combined Scoring | BE2: MOTW | BG2: =_xlfn.RANK.EQ(BK2, $BK$2:$BK$10, 0) -> 2 | BH2: =Settings!A3 -> DECOUPES | BI2: =COUNTIFS('Weekly Scores'!$N$2:$N$71, $BH2, 'Weekly Scores'!$G$2:$G$71, "<>", 'Weekly Scores'!$H$2:$H$71, "<>") -> 9 | BJ2: {=(SUMPRODUCT(((($F$1:$F$71=BH2)*($G$1:$G$71<$H$1:$H$71))+(($I$1:$I$71=BH2)*($H$1:$H$71<$G$1:$G$71)))*($G$1:$H$71<>"")))/2} -> 5 | BK2: =IFERROR(BI2 / (BI2 + BJ2),0) -> 0.64285714 | BL2: =VLOOKUP(BH2, Settings!A3:C10, 3, FALSE) -> PRODIGY | BM2: =COUNTIFS($E$2:$E$71,BL2,$J$2:$J$71,BL2,$N$2:$N$71,BH2,'Weekly Scores'!$G$2:$G$71, "<>") -> 5 | BN2: =ABS(COUNTIFS($E$2:$E$71,BL2,$J$2:$J$71,BL2,$F$2:$F$71,BH2,'Weekly Scores'!$G$2:$G$71, "<>0")+COUNTIFS($E$2:$E$71,BL2,$J$2:$J$71,BL2,$I$2:$I$71,BH2,'Weekly Scores'!$G$2:$G$71, "<>0")-BM2) -> 3 | BO2: =IFERROR(BM2 / (BM2 + BN2),0) -> 0.625 | BP2: =COUNTIFS($N$2:$N$71,$BH2,$S$2:$S$71,"MOTW",'Weekly Scores'!$G$2:$G$71, "<>") -> 0 | BQ2: =COUNTIFS($O$2:$O$71,$BH2,$S$2:$S$71,"MOTW",'Weekly Scores'!$G$2:$G$71, "<>") -> 2 | BR2: =IFERROR(BP2 / (BP2 + BQ2),0) -> 0 | BS2: =BP2+BQ2 -> 2 | BT2: =_xlfn.RANK.EQ(BS2,$BS$2:$BS$11,0)+COUNTIFS($BS$2:$BS$11,BS2,$BR$2:$BR$11,">"&BR2) -> 6 | BU2: =COUNTIFS($N$2:$N$71,$BH2,$U$2:$U$71,"UPSET",'Weekly Scores'!$G$2:$G$71, "<>") -> 4 | BW2: =COUNTIFS($N$2:$N$71,$BH2,$P$2:$P$71,"YES",'Weekly Scores'!$G$2:$G$71, "<>") -> 4 | BX2: =COUNTIFS('Weekly Scores'!$N$2:$N$71, $BH2, 'Weekly Scores'!$G$2:$G$71, "<>", 'Weekly Scores'!$H$2:$H$71, "<>", $F$2:$F$71, $BH2) -> 5 | BY2: =(COUNTIFS('Weekly Scores'!$F$2:$F$71, $BH2, 'Weekly Scores'!$G$2:$G$71, "<>0", 'Weekly Scores'!$H$2:$H$71,"<>0"))-BX2 -> 2 | BZ2: =IFERROR(BX2 / (BX2 + BY2),0) -> 0.71428571 | CA2: =COUNTIFS('Weekly Scores'!$N$2:$N$71, $BH2, 'Weekly Scores'!$G$2:$G$71, "<>", 'Weekly Scores'!$H$2:$H$71, "<>", $I$2:$I$71, $BH2) -> 4 | CB2: =(COUNTIFS('Weekly Scores'!$I$2:$I$71, $BH2, 'Weekly Scores'!$G$2:$G$71, "<>0", 'Weekly Scores'!$H$2:$H$71,"<>0"))-CA2 -> 3 | CC2: =IFERROR(CA2 / (CA2 + CB2),0) -> 0.57142857 | CE2: =IF(AND(CF2=0, CG2=0), 0, (CF2+CG2)/IF(CF2=0, 1, IF(CG2=0, 1, 2))) -> 12.30243 | CF2: =IFERROR(AVERAGEIFS(L:L,I:I,BH2),0) -> 10.835606 | CG2: =IFERROR(AVERAGEIFS(L:L,F:F,BH2),0) -> 13.769254 | CH2: =RANK(CE2,CE$2:CE$11,1) -> 4
A3: 2 | B3: {=INDEX(Settings!H$2:H$72, ROW())} -> WEEK 1 | C3: {=INDEX(Settings!I$2:I$72, ROW())} -> GAME 2 | D3: {=INDEX('BACKEND 1'!$V$28:$AK$38, MATCH(F3, 'BACKEND 1'!$V$28:$V$38, 0), MATCH(B3, 'BACKEND 1'!$V$28:$AK$28, 0))} -> 8 | E3: =VLOOKUP(F3, Settings!$A$3:$C$12, 3, FALSE) -> ESTEEMED | F3: {=INDEX(Settings!J$2:J$72, ROW())} -> MUTTS | G3: =SUMIFS('All-Stars'!E:E, 'All-Stars'!B:B, F3, 'All-Stars'!F:F, B3) -> 175.61 | H3: =SUMIFS('All-Stars'!E:E, 'All-Stars'!B:B, I3, 'All-Stars'!F:F, B3) -> 151.79 | I3: {=INDEX(Settings!K$2:K$72, ROW())} -> METAMOOKDAWGS | J3: =VLOOKUP(I3, Settings!$A$3:$C$12, 3, FALSE) -> ESTEEMED | K3: {=INDEX('BACKEND 1'!$V$28:$AK$38, MATCH(I3, 'BACKEND 1'!$V$28:$V$38, 0), MATCH(B3, 'BACKEND 1'!$V$28:$AK$28, 0))} -> 3 | L3: {=IFERROR(IF(D3=0,"-",INDEX('BACKEND 1'!$V$54:$AF$64, MATCH(D3, 'BACKEND 1'!$V$54:$V$64, 0), MATCH(K3, 'BACKEND 1'!$V$54:$AF$54, 0))),"-")} -> 16.535534 | M3: =_xlfn.RANK.EQ(L3,L2:L6,1) -> 5 | N3: =IF(G3 > H3, F3, IF(H3 > G3, I3, "Tie")) -> MUTTS | O3: =IF(G3 < H3, F3, IF(H3 < G3, I3, "Tie")) -> METAMOOKDAWGS | P3: =IF(G3=0,"",IF(Q3 > 40, "YES", "")) | Q3: =IF(G3=0,"-",ABS(G3 - H3)) -> 23.82 | R3: =IF(G3=0,"-",G3 + H3) -> 327.4 | S3: =IF(AND(L3 <> 0, L3 = MINIFS(L$2:L$72, B$2:B$72, B3)), "MOTW", "") | U3: =IF(OR(AND(K3>D3,H3>G3),AND(D3>K3, G3>H3)), "UPSET", "") -> UPSET | V3: 1 | W3: =IF(OR(N3=F3,N3=H3),1,0) -> 1 | X3: =IF(OR(N3="POPEYES"), IF(ROW()=2,1,IF(N2="POPEYES",X2+1,1)), 0) -> 0 | Z3: Biggiest Blowout Game, Winner | AC3: =MAX(Q2:Q71) -> 136.87 | AD3: {=INDEX(N2:N71, MATCH(AC3, Q2:Q71, 0))} -> CHAMPS | AE3: {=INDEX(B2:B71, MATCH(AC3, Q2:Q71, 0))} -> WEEK 3 | AH3: =IFERROR(IF(G3=0,"-",_xlfn.RANK.EQ(Q3,$Q:$Q,1)+(COUNTIFS(Q:Q, Q3, G:G, ">" & G3))),"ERROR") -> 21 | AI3: =IFERROR(IF(G3=0,"-",_xlfn.RANK.EQ(Q3,$Q:$Q,0)+(COUNTIFS(Q:Q, Q3, AK:AK, "<" & AK3))),"ERROR") -> 50 | AJ3: =IFERROR(IF(G3=0,"-",_xlfn.RANK.EQ(R3,$R:$R,1)+(COUNTIFS(R:R, R3, AH:AH, "<" & AH3))),"ERROR") -> 40 | AK3: =IFERROR(IF(G3=0,"-",_xlfn.RANK.EQ(R3,$R:$R,0)+(COUNTIFS(R:R, R3, AH:AH, "<" & AH3))),"ERROR") -> 31 | AL3: =IFERROR(IF(G3=0,"-",AVERAGE(AH3,AK3)),"UPCOMING") -> 26 | AM3: =IFERROR(IF(G3=0,"-",_xlfn.RANK.EQ(AL3,AL:AL,1)+(COUNTIFS(AL:AL,AL3,AH:AH,"<"&AH3))),"UPCOMING") -> 18 | AN3: =IFERROR(IF(G3=0,"-",_xlfn.RANK.EQ(AL3,AL:AL,0)+(COUNTIFS(AL:AL,AL3,AI:AI,"<"&AI3))),"UPCOMING") -> 53 | AO3: =IFERROR(IF((AND(G3<>0, S3="MOTW")),AVERAGE(AH3,AK3),"-"),"UPCOMING") -> - | AP3: =IFERROR(IF(AND(G3<>0, S3="MOTW"), _xlfn.RANK.EQ(AO3, AO:AO, 1) + COUNTIFS(AO:AO, AO3, AH:AH, "<" & AH3), "UPCOMING"), "-") -> UPCOMING | AQ3: =_xlfn.RANK.EQ(L3,$L$2:$L$70,1)+COUNTIFS($L$2:$L$70,L3,$AM$2:$AM$70,"<"&AM3) -> 50 | AR3: =IFERROR(IF(AND(G3<>0, U3="UPSET"), L3,"NO UPSET"),"-") -> 16.535534 | AS3: =IFERROR(IF(AL3="NO UPSET","-",_xlfn.RANK.EQ(AR3,$AR$2:$AR$70,0)+COUNTIFS($AR$2:$AR$70,AR3,$AL$2:$AL$70,"<"&AL3)),"-") -> 12 | AV3: 1 | AW3: =INDEX($AL:$AL, MATCH(AV3,$AP:$AP,0)) -> 6.5 | AX3: =Settings!$R$3 -> 2025 | AY3: =INDEX($B:$B, MATCH(AV3,$AP:$AP,0)) -> WEEK 3 | AZ3: =INDEX($N:$N, MATCH(AV3,$AP:$AP,0)) -> POPEYES | BA3: =INDEX($O:$O, MATCH(AV3,$AP:$AP,0)) -> MUTTS | BB3: {=Settings!$R$3 & " REG, PVE FFL GAME " & INDEX($A:$A, MATCH(AV3,$AP:$AP,0))} -> 2025 REG, PVE FFL GAME 12 | BC3: =INDEX($Q:$Q, MATCH(AV3,$AP:$AP,0)) -> 10.51 | BD3: =INDEX($R:$R, MATCH(AV3,$AP:$AP,0)) -> 381.93 | BE3: =INDEX($S:$S, MATCH(AV3,$AP:$AP,0)) -> MOTW | BG3: =_xlfn.RANK.EQ(BK3, $BK$2:$BK$10, 0) -> 4 | BH3: =Settings!A4 -> POPEYES | BI3: =COUNTIFS('Weekly Scores'!$N$2:$N$71, $BH3, 'Weekly Scores'!$G$2:$G$71, "<>", 'Weekly Scores'!$H$2:$H$71, "<>") -> 7 | BJ3: {=(SUMPRODUCT(((($F$1:$F$71=BH3)*($G$1:$G$71<$H$1:$H$71))+(($I$1:$I$71=BH3)*($H$1:$H$71<$G$1:$G$71)))*($G$1:$H$71<>"")))/2} -> 7 | BK3: =IFERROR(BI3 / (BI3 + BJ3),0) -> 0.5 | BL3: =VLOOKUP(BH3, Settings!A4:C11, 3, FALSE) -> PRODIGY | BM3: =COUNTIFS($E$2:$E$71,BL3,$J$2:$J$71,BL3,$N$2:$N$71,BH3,'Weekly Scores'!$G$2:$G$71, "<>") -> 2 | BN3: =ABS(COUNTIFS($E$2:$E$71,BL3,$J$2:$J$71,BL3,$F$2:$F$71,BH3,'Weekly Scores'!$G$2:$G$71, "<>0")+COUNTIFS($E$2:$E$71,BL3,$J$2:$J$71,BL3,$I$2:$I$71,BH3,'Weekly Scores'!$G$2:$G$71, "<>0")-BM3) -> 6 | BO3: =IFERROR(BM3 / (BM3 + BN3),0) -> 0.25 | BP3: =COUNTIFS($N$2:$N$71,$BH3,$S$2:$S$71,"MOTW",'Weekly Scores'!$G$2:$G$71, "<>") -> 3 | BQ3: =COUNTIFS($O$2:$O$71,$BH3,$S$2:$S$71,"MOTW",'Weekly Scores'!$G$2:$G$71, "<>") -> 1 | BR3: =IFERROR(BP3 / (BP3 + BQ3),0) -> 0.75 | BS3: =BP3+BQ3 -> 4 | BT3: =_xlfn.RANK.EQ(BS3,$BS$2:$BS$11,0)+COUNTIFS($BS$2:$BS$11,BS3,$BR$2:$BR$11,">"&BR3) -> 3 | BU3: =COUNTIFS($N$2:$N$71,$BH3,$U$2:$U$71,"UPSET",'Weekly Scores'!$G$2:$G$71, "<>") -> 2 | BW3: =COUNTIFS($N$2:$N$71,$BH3,$P$2:$P$71,"YES",'Weekly Scores'!$G$2:$G$71, "<>") -> 2 | BX3: =COUNTIFS('Weekly Scores'!$N$2:$N$71, $BH3, 'Weekly Scores'!$G$2:$G$71, "<>", 'Weekly Scores'!$H$2:$H$71, "<>", $F$2:$F$71, $BH3) -> 4 | BY3: =(COUNTIFS('Weekly Scores'!$F$2:$F$71, $BH3, 'Weekly Scores'!$G$2:$G$71, "<>0", 'Weekly Scores'!$H$2:$H$71,"<>0"))-BX3 -> 3 | BZ3: =IFERROR(BX3 / (BX3 + BY3),0) -> 0.57142857 | CA3: =COUNTIFS('Weekly Scores'!$N$2:$N$71, $BH3, 'Weekly Scores'!$G$2:$G$71, "<>", 'Weekly Scores'!$H$2:$H$71, "<>", $I$2:$I$71, $BH3) -> 3 | CB3: =(COUNTIFS('Weekly Scores'!$I$2:$I$71, $BH3, 'Weekly Scores'!$G$2:$G$71, "<>0", 'Weekly Scores'!$H$2:$H$71,"<>0"))-CA3 -> 4 | CC3: =IFERROR(CA3 / (CA3 + CB3),0) -> 0.42857143 | CE3: =IF(AND(CF3=0, CG3=0), 0, (CF3+CG3)/IF(CF3=0, 1, IF(CG3=0, 1, 2))) -> 11.424366 | CF3: =IFERROR(AVERAGEIFS(L:L,I:I,BH3),0) -> 11.912111 | CG3: =IFERROR(AVERAGEIFS(L:L,F:F,BH3),0) -> 10.936621 | CH3: =RANK(CE3,CE$2:CE$11,1) -> 1
A4: 3 | B4: {=INDEX(Settings!H$2:H$72, ROW())} -> WEEK 1 | C4: {=INDEX(Settings!I$2:I$72, ROW())} -> GAME 3 | D4: {=INDEX('BACKEND 1'!$V$28:$AK$38, MATCH(F4, 'BACKEND 1'!$V$28:$V$38, 0), MATCH(B4, 'BACKEND 1'!$V$28:$AK$28, 0))} -> 7 | E4: =VLOOKUP(F4, Settings!$A$3:$C$12, 3, FALSE) -> ESTEEMED | F4: {=INDEX(Settings!J$2:J$72, ROW())} -> EAGLES | G4: =SUMIFS('All-Stars'!E:E, 'All-Stars'!B:B, F4, 'All-Stars'!F:F, B4) -> 151.12 | H4: =SUMIFS('All-Stars'!E:E, 'All-Stars'!B:B, I4, 'All-Stars'!F:F, B4) -> 177.91 | I4: {=INDEX(Settings!K$2:K$72, ROW())} -> CHAMPS | J4: =VLOOKUP(I4, Settings!$A$3:$C$12, 3, FALSE) -> ESTEEMED | K4: {=INDEX('BACKEND 1'!$V$28:$AK$38, MATCH(I4, 'BACKEND 1'!$V$28:$V$38, 0), MATCH(B4, 'BACKEND 1'!$V$28:$AK$28, 0))} -> 6 | L4: {=IFERROR(IF(D4=0,"-",INDEX('BACKEND 1'!$V$54:$AF$64, MATCH(D4, 'BACKEND 1'!$V$54:$V$64, 0), MATCH(K4, 'BACKEND 1'!$V$54:$AF$54, 0))),"-")} -> 8.7071068 | M4: =_xlfn.RANK.EQ(L4,L2:L6,1) -> 3 | N4: =IF(G4 > H4, F4, IF(H4 > G4, I4, "Tie")) -> CHAMPS | O4: =IF(G4 < H4, F4, IF(H4 < G4, I4, "Tie")) -> EAGLES | P4: =IF(G4=0,"",IF(Q4 > 40, "YES", "")) | Q4: =IF(G4=0,"-",ABS(G4 - H4)) -> 26.79 | R4: =IF(G4=0,"-",G4 + H4) -> 329.03 | S4: =IF(AND(L4 <> 0, L4 = MINIFS(L$2:L$72, B$2:B$72, B4)), "MOTW", "") | U4: =IF(OR(AND(K4>D4,H4>G4),AND(D4>K4, G4>H4)), "UPSET", "") | V4: 1 | W4: =IF(OR(N4=F4,N4=H4),1,0) -> 0 | X4: =IF(OR(N4="POPEYES"), IF(ROW()=2,1,IF(N3="POPEYES",X3+1,1)), 0) -> 0 | Z4: Highest Combined Score Game, Winner | AC4: =MAX(R2:R71) -> 422.51 | AD4: {=INDEX(N2:N71, MATCH(AC4, R2:R71, 0))} -> DECOUPES | AE4: {=INDEX(B2:B71, MATCH(AC4, R2:R71, 0))} -> WEEK 12 | AH4: =IFERROR(IF(G4=0,"-",_xlfn.RANK.EQ(Q4,$Q:$Q,1)+(COUNTIFS(Q:Q, Q4, G:G, ">" & G4))),"ERROR") -> 25 | AI4: =IFERROR(IF(G4=0,"-",_xlfn.RANK.EQ(Q4,$Q:$Q,0)+(COUNTIFS(Q:Q, Q4, AK:AK, "<" & AK4))),"ERROR") -> 46 | AJ4: =IFERROR(IF(G4=0,"-",_xlfn.RANK.EQ(R4,$R:$R,1)+(COUNTIFS(R:R, R4, AH:AH, "<" & AH4))),"ERROR") -> 42 | AK4: =IFERROR(IF(G4=0,"-",_xlfn.RANK.EQ(R4,$R:$R,0)+(COUNTIFS(R:R, R4, AH:AH, "<" & AH4))),"ERROR") -> 29 | AL4: =IFERROR(IF(G4=0,"-",AVERAGE(AH4,AK4)),"UPCOMING") -> 27 | AM4: =IFERROR(IF(G4=0,"-",_xlfn.RANK.EQ(AL4,AL:AL,1)+(COUNTIFS(AL:AL,AL4,AH:AH,"<"&AH4))),"UPCOMING") -> 22 | AN4: =IFERROR(IF(G4=0,"-",_xlfn.RANK.EQ(AL4,AL:AL,0)+(COUNTIFS(AL:AL,AL4,AI:AI,"<"&AI4))),"UPCOMING") -> 49 | AO4: =IFERROR(IF((AND(G4<>0, S4="MOTW")),AVERAGE(AH4,AK4),"-"),"UPCOMING") -> - | AP4: =IFERROR(IF(AND(G4<>0, S4="MOTW"), _xlfn.RANK.EQ(AO4, AO:AO, 1) + COUNTIFS(AO:AO, AO4, AH:AH, "<" & AH4), "UPCOMING"), "-") -> UPCOMING | AQ4: =_xlfn.RANK.EQ(L4,$L$2:$L$70,1)+COUNTIFS($L$2:$L$70,L4,$AM$2:$AM$70,"<"&AM4) -> 14 | AR4: =IFERROR(IF(AND(G4<>0, U4="UPSET"), L4,"NO UPSET"),"-") -> NO UPSET | AS4: =IFERROR(IF(AL4="NO UPSET","-",_xlfn.RANK.EQ(AR4,$AR$2:$AR$70,0)+COUNTIFS($AR$2:$AR$70,AR4,$AL$2:$AL$70,"<"&AL4)),"-") -> - | AV4: 2 | AW4: =INDEX($AL:$AL, MATCH(AV4,$AP:$AP,0)) -> 14.5 | AX4: =Settings!$R$3 -> 2025 | AY4: =INDEX($B:$B, MATCH(AV4,$AP:$AP,0)) -> WEEK 10 | AZ4: =INDEX($N:$N, MATCH(AV4,$AP:$AP,0)) -> POPEYES | BA4: =INDEX($O:$O, MATCH(AV4,$AP:$AP,0)) -> YARDIES | BB4: {=Settings!$R$3 & " REG, PVE FFL GAME " & INDEX($A:$A, MATCH(AV4,$AP:$AP,0))} -> 2025 REG, PVE FFL GAME 47 | BC4: =INDEX($Q:$Q, MATCH(AV4,$AP:$AP,0)) -> 24.14 | BD4: =INDEX($R:$R, MATCH(AV4,$AP:$AP,0)) -> 380.12 | BE4: =INDEX($S:$S, MATCH(AV4,$AP:$AP,0)) -> MOTW | BG4: =_xlfn.RANK.EQ(BK4, $BK$2:$BK$10, 0) -> 1 | BH4: =Settings!A5 -> GREEN | BI4: =COUNTIFS('Weekly Scores'!$N$2:$N$71, $BH4, 'Weekly Scores'!$G$2:$G$71, "<>", 'Weekly Scores'!$H$2:$H$71, "<>") -> 12 | BJ4: {=(SUMPRODUCT(((($F$1:$F$71=BH4)*($G$1:$G$71<$H$1:$H$71))+(($I$1:$I$71=BH4)*($H$1:$H$71<$G$1:$G$71)))*($G$1:$H$71<>"")))/2} -> 2 | BK4: =IFERROR(BI4 / (BI4 + BJ4),0) -> 0.85714286 | BL4: =VLOOKUP(BH4, Settings!A5:C12, 3, FALSE) -> PRODIGY | BM4: =COUNTIFS($E$2:$E$71,BL4,$J$2:$J$71,BL4,$N$2:$N$71,BH4,'Weekly Scores'!$G$2:$G$71, "<>") -> 6 | BN4: =ABS(COUNTIFS($E$2:$E$71,BL4,$J$2:$J$71,BL4,$F$2:$F$71,BH4,'Weekly Scores'!$G$2:$G$71, "<>0")+COUNTIFS($E$2:$E$71,BL4,$J$2:$J$71,BL4,$I$2:$I$71,BH4,'Weekly Scores'!$G$2:$G$71, "<>0")-BM4) -> 2 | BO4: =IFERROR(BM4 / (BM4 + BN4),0) -> 0.75 | BP4: =COUNTIFS($N$2:$N$71,$BH4,$S$2:$S$71,"MOTW",'Weekly Scores'!$G$2:$G$71, "<>") -> 4 | BQ4: =COUNTIFS($O$2:$O$71,$BH4,$S$2:$S$71,"MOTW",'Weekly Scores'!$G$2:$G$71, "<>") -> 0 | BR4: =IFERROR(BP4 / (BP4 + BQ4),0) -> 1 | BS4: =BP4+BQ4 -> 4 | BT4: =_xlfn.RANK.EQ(BS4,$BS$2:$BS$11,0)+COUNTIFS($BS$2:$BS$11,BS4,$BR$2:$BR$11,">"&BR4) -> 2 | BU4: =COUNTIFS($N$2:$N$71,$BH4,$U$2:$U$71,"UPSET",'Weekly Scores'!$G$2:$G$71, "<>") -> 2 | BW4: =COUNTIFS($N$2:$N$71,$BH4,$P$2:$P$71,"YES",'Weekly Scores'!$G$2:$G$71, "<>") -> 5 | BX4: =COUNTIFS('Weekly Scores'!$N$2:$N$71, $BH4, 'Weekly Scores'!$G$2:$G$71, "<>", 'Weekly Scores'!$H$2:$H$71, "<>", $F$2:$F$71, $BH4) -> 6 | BY4: =(COUNTIFS('Weekly Scores'!$F$2:$F$71, $BH4, 'Weekly Scores'!$G$2:$G$71, "<>0", 'Weekly Scores'!$H$2:$H$71,"<>0"))-BX4 -> 1 | BZ4: =IFERROR(BX4 / (BX4 + BY4),0) -> 0.85714286 | CA4: =COUNTIFS('Weekly Scores'!$N$2:$N$71, $BH4, 'Weekly Scores'!$G$2:$G$71, "<>", 'Weekly Scores'!$H$2:$H$71, "<>", $I$2:$I$71, $BH4) -> 6 | CB4: =(COUNTIFS('Weekly Scores'!$I$2:$I$71, $BH4, 'Weekly Scores'!$G$2:$G$71, "<>0", 'Weekly Scores'!$H$2:$H$71,"<>0"))-CA4 -> 1 | CC4: =IFERROR(CA4 / (CA4 + CB4),0) -> 0.85714286 | CE4: =IF(AND(CF4=0, CG4=0), 0, (CF4+CG4)/IF(CF4=0, 1, IF(CG4=0, 1, 2))) -> 12.109065 | CF4: =IFERROR(AVERAGEIFS(L:L,I:I,BH4),0) -> 10.633576 | CG4: =IFERROR(AVERAGEIFS(L:L,F:F,BH4),0) -> 13.584555 | CH4: =RANK(CE4,CE$2:CE$11,1) -> 3
A5: 4 | B5: {=INDEX(Settings!H$2:H$72, ROW())} -> WEEK 1 | C5: {=INDEX(Settings!I$2:I$72, ROW())} -> GAME 4 | D5: {=INDEX('BACKEND 1'!$V$28:$AK$38, MATCH(F5, 'BACKEND 1'!$V$28:$V$38, 0), MATCH(B5, 'BACKEND 1'!$V$28:$AK$28, 0))} -> 5 | E5: =VLOOKUP(F5, Settings!$A$3:$C$12, 3, FALSE) -> PRODIGY | F5: {=INDEX(Settings!J$2:J$72, ROW())} -> DECOUPES | G5: =SUMIFS('All-Stars'!E:E, 'All-Stars'!B:B, F5, 'All-Stars'!F:F, B5) -> 161.6 | H5: =SUMIFS('All-Stars'!E:E, 'All-Stars'!B:B, I5, 'All-Stars'!F:F, B5) -> 132.31 | I5: {=INDEX(Settings!K$2:K$72, ROW())} -> GREEN | J5: =VLOOKUP(I5, Settings!$A$3:$C$12, 3, FALSE) -> PRODIGY | K5: {=INDEX('BACKEND 1'!$V$28:$AK$38, MATCH(I5, 'BACKEND 1'!$V$28:$V$38, 0), MATCH(B5, 'BACKEND 1'!$V$28:$AK$28, 0))} -> 4 | L5: {=IFERROR(IF(D5=0,"-",INDEX('BACKEND 1'!$V$54:$AF$64, MATCH(D5, 'BACKEND 1'!$V$54:$V$64, 0), MATCH(K5, 'BACKEND 1'!$V$54:$AF$54, 0))),"-")} -> 6.7071068 | M5: =_xlfn.RANK.EQ(L5,L2:L6,1) -> 2 | N5: =IF(G5 > H5, F5, IF(H5 > G5, I5, "Tie")) -> DECOUPES | O5: =IF(G5 < H5, F5, IF(H5 < G5, I5, "Tie")) -> GREEN | P5: =IF(G5=0,"",IF(Q5 > 40, "YES", "")) | Q5: =IF(G5=0,"-",ABS(G5 - H5)) -> 29.29 | R5: =IF(G5=0,"-",G5 + H5) -> 293.91 | S5: =IF(AND(L5 <> 0, L5 = MINIFS(L$2:L$72, B$2:B$72, B5)), "MOTW", "") | U5: =IF(OR(AND(K5>D5,H5>G5),AND(D5>K5, G5>H5)), "UPSET", "") -> UPSET | V5: 1 | W5: =IF(OR(N5=F5,N5=H5),1,0) -> 1 | X5: =IF(OR(N5="POPEYES"), IF(ROW()=2,1,IF(N4="POPEYES",X4+1,1)), 0) -> 0 | AH5: =IFERROR(IF(G5=0,"-",_xlfn.RANK.EQ(Q5,$Q:$Q,1)+(COUNTIFS(Q:Q, Q5, G:G, ">" & G5))),"ERROR") -> 27 | AI5: =IFERROR(IF(G5=0,"-",_xlfn.RANK.EQ(Q5,$Q:$Q,0)+(COUNTIFS(Q:Q, Q5, AK:AK, "<" & AK5))),"ERROR") -> 44 | AJ5: =IFERROR(IF(G5=0,"-",_xlfn.RANK.EQ(R5,$R:$R,1)+(COUNTIFS(R:R, R5, AH:AH, "<" & AH5))),"ERROR") -> 19 | AK5: =IFERROR(IF(G5=0,"-",_xlfn.RANK.EQ(R5,$R:$R,0)+(COUNTIFS(R:R, R5, AH:AH, "<" & AH5))),"ERROR") -> 52 | AL5: =IFERROR(IF(G5=0,"-",AVERAGE(AH5,AK5)),"UPCOMING") -> 39.5 | AM5: =IFERROR(IF(G5=0,"-",_xlfn.RANK.EQ(AL5,AL:AL,1)+(COUNTIFS(AL:AL,AL5,AH:AH,"<"&AH5))),"UPCOMING") -> 45 | AN5: =IFERROR(IF(G5=0,"-",_xlfn.RANK.EQ(AL5,AL:AL,0)+(COUNTIFS(AL:AL,AL5,AI:AI,"<"&AI5))),"UPCOMING") -> 26 | AO5: =IFERROR(IF((AND(G5<>0, S5="MOTW")),AVERAGE(AH5,AK5),"-"),"UPCOMING") -> - | AP5: =IFERROR(IF(AND(G5<>0, S5="MOTW"), _xlfn.RANK.EQ(AO5, AO:AO, 1) + COUNTIFS(AO:AO, AO5, AH:AH, "<" & AH5), "UPCOMING"), "-") -> UPCOMING | AQ5: =_xlfn.RANK.EQ(L5,$L$2:$L$70,1)+COUNTIFS($L$2:$L$70,L5,$AM$2:$AM$70,"<"&AM5) -> 7 | AR5: =IFERROR(IF(AND(G5<>0, U5="UPSET"), L5,"NO UPSET"),"-") -> 6.7071068 | AS5: =IFERROR(IF(AL5="NO UPSET","-",_xlfn.RANK.EQ(AR5,$AR$2:$AR$70,0)+COUNTIFS($AR$2:$AR$70,AR5,$AL$2:$AL$70,"<"&AL5)),"-") -> 28 | AV5: 3 | AW5: =INDEX($AL:$AL, MATCH(AV5,$AP:$AP,0)) -> 15.5 | AX5: =Settings!$R$3 -> 2025 | AY5: =INDEX($B:$B, MATCH(AV5,$AP:$AP,0)) -> WEEK 5 | AZ5: =INDEX($N:$N, MATCH(AV5,$AP:$AP,0)) -> GREEN | BA5: =INDEX($O:$O, MATCH(AV5,$AP:$AP,0)) -> CHAMPS | BB5: {=Settings!$R$3 & " REG, PVE FFL GAME " & INDEX($A:$A, MATCH(AV5,$AP:$AP,0))} -> 2025 REG, PVE FFL GAME 25 | BC5: =INDEX($Q:$Q, MATCH(AV5,$AP:$AP,0)) -> 2.3 | BD5: =INDEX($R:$R, MATCH(AV5,$AP:$AP,0)) -> 332.02 | BE5: =INDEX($S:$S, MATCH(AV5,$AP:$AP,0)) -> MOTW | BG5: =_xlfn.RANK.EQ(BK5, $BK$2:$BK$10, 0) -> 7 | BH5: =Settings!A6 -> SAVAGES | BI5: =COUNTIFS('Weekly Scores'!$N$2:$N$71, $BH5, 'Weekly Scores'!$G$2:$G$71, "<>", 'Weekly Scores'!$H$2:$H$71, "<>") -> 5 | BJ5: {=(SUMPRODUCT(((($F$1:$F$71=BH5)*($G$1:$G$71<$H$1:$H$71))+(($I$1:$I$71=BH5)*($H$1:$H$71<$G$1:$G$71)))*($G$1:$H$71<>"")))/2} -> 9 | BK5: =IFERROR(BI5 / (BI5 + BJ5),0) -> 0.35714286 | BL5: =VLOOKUP(BH5, Settings!A6:C13, 3, FALSE) -> PRODIGY | BM5: =COUNTIFS($E$2:$E$71,BL5,$J$2:$J$71,BL5,$N$2:$N$71,BH5,'Weekly Scores'!$G$2:$G$71, "<>") -> 2 | BN5: =ABS(COUNTIFS($E$2:$E$71,BL5,$J$2:$J$71,BL5,$F$2:$F$71,BH5,'Weekly Scores'!$G$2:$G$71, "<>0")+COUNTIFS($E$2:$E$71,BL5,$J$2:$J$71,BL5,$I$2:$I$71,BH5,'Weekly Scores'!$G$2:$G$71, "<>0")-BM5) -> 6 | BO5: =IFERROR(BM5 / (BM5 + BN5),0) -> 0.25 | BP5: =COUNTIFS($N$2:$N$71,$BH5,$S$2:$S$71,"MOTW",'Weekly Scores'!$G$2:$G$71, "<>") -> 0 | BQ5: =COUNTIFS($O$2:$O$71,$BH5,$S$2:$S$71,"MOTW",'Weekly Scores'!$G$2:$G$71, "<>") -> 2 | BR5: =IFERROR(BP5 / (BP5 + BQ5),0) -> 0 | BS5: =BP5+BQ5 -> 2 | BT5: =_xlfn.RANK.EQ(BS5,$BS$2:$BS$11,0)+COUNTIFS($BS$2:$BS$11,BS5,$BR$2:$BR$11,">"&BR5) -> 6 | BU5: =COUNTIFS($N$2:$N$71,$BH5,$U$2:$U$71,"UPSET",'Weekly Scores'!$G$2:$G$71, "<>") -> 3 | BW5: =COUNTIFS($N$2:$N$71,$BH5,$P$2:$P$71,"YES",'Weekly Scores'!$G$2:$G$71, "<>") -> 2 | BX5: =COUNTIFS('Weekly Scores'!$N$2:$N$71, $BH5, 'Weekly Scores'!$G$2:$G$71, "<>", 'Weekly Scores'!$H$2:$H$71, "<>", $F$2:$F$71, $BH5) -> 2 | BY5: =(COUNTIFS('Weekly Scores'!$F$2:$F$71, $BH5, 'Weekly Scores'!$G$2:$G$71, "<>0", 'Weekly Scores'!$H$2:$H$71,"<>0"))-BX5 -> 5 | BZ5: =IFERROR(BX5 / (BX5 + BY5),0) -> 0.28571429 | CA5: =COUNTIFS('Weekly Scores'!$N$2:$N$71, $BH5, 'Weekly Scores'!$G$2:$G$71, "<>", 'Weekly Scores'!$H$2:$H$71, "<>", $I$2:$I$71, $BH5) -> 3 | CB5: =(COUNTIFS('Weekly Scores'!$I$2:$I$71, $BH5, 'Weekly Scores'!$G$2:$G$71, "<>0", 'Weekly Scores'!$H$2:$H$71,"<>0"))-CA5 -> 4 | CC5: =IFERROR(CA5 / (CA5 + CB5),0) -> 0.42857143 | CE5: =IF(AND(CF5=0, CG5=0), 0, (CF5+CG5)/IF(CF5=0, 1, IF(CG5=0, 1, 2))) -> 12.806019 | CF5: =IFERROR(AVERAGEIFS(L:L,I:I,BH5),0) -> 14.079478 | CG5: =IFERROR(AVERAGEIFS(L:L,F:F,BH5),0) -> 11.53256 | CH5: =RANK(CE5,CE$2:CE$11,1) -> 6
A6: 5 | B6: {=INDEX(Settings!H$2:H$72, ROW())} -> WEEK 1 | C6: {=INDEX(Settings!I$2:I$72, ROW())} -> GAME 5 | D6: {=INDEX('BACKEND 1'!$V$28:$AK$38, MATCH(F6, 'BACKEND 1'!$V$28:$V$38, 0), MATCH(B6, 'BACKEND 1'!$V$28:$AK$28, 0))} -> 2 | E6: =VLOOKUP(F6, Settings!$A$3:$C$12, 3, FALSE) -> PRODIGY | F6: {=INDEX(Settings!J$2:J$72, ROW())} -> SAVAGES | G6: =SUMIFS('All-Stars'!E:E, 'All-Stars'!B:B, F6, 'All-Stars'!F:F, B6) -> 116.99 | H6: =SUMIFS('All-Stars'!E:E, 'All-Stars'!B:B, I6, 'All-Stars'!F:F, B6) -> 156.56 | I6: {=INDEX(Settings!K$2:K$72, ROW())} -> POPEYES | J6: =VLOOKUP(I6, Settings!$A$3:$C$12, 3, FALSE) -> PRODIGY | K6: {=INDEX('BACKEND 1'!$V$28:$AK$38, MATCH(I6, 'BACKEND 1'!$V$28:$V$38, 0), MATCH(B6, 'BACKEND 1'!$V$28:$AK$28, 0))} -> 1 | L6: {=IFERROR(IF(D6=0,"-",INDEX('BACKEND 1'!$V$54:$AF$64, MATCH(D6, 'BACKEND 1'!$V$54:$V$64, 0), MATCH(K6, 'BACKEND 1'!$V$54:$AF$54, 0))),"-")} -> 3.7071068 | M6: =_xlfn.RANK.EQ(L6,L2:L6,1) -> 1 | N6: =IF(G6 > H6, F6, IF(H6 > G6, I6, "Tie")) -> POPEYES | O6: =IF(G6 < H6, F6, IF(H6 < G6, I6, "Tie")) -> SAVAGES | P6: =IF(G6=0,"",IF(Q6 > 40, "YES", "")) | Q6: =IF(G6=0,"-",ABS(G6 - H6)) -> 39.57 | R6: =IF(G6=0,"-",G6 + H6) -> 273.55 | S6: =IF(AND(L6 <> 0, L6 = MINIFS(L$2:L$72, B$2:B$72, B6)), "MOTW", "") -> MOTW | U6: =IF(OR(AND(K6>D6,H6>G6),AND(D6>K6, G6>H6)), "UPSET", "") | V6: 1 | W6: =IF(OR(N6=F6,N6=H6),1,0) -> 0 | X6: =IF(OR(N6="POPEYES"), IF(ROW()=2,1,IF(N5="POPEYES",X5+1,1)), 0) -> 1 | Z6: Highest Combined Score Game, Loser | AC6: =MAX(R2:R71) -> 422.51 | AD6: =IF(AF6 <> AD4, AF6, IF(AG6 <> AD4, AG6, "")) -> METAMOOKDAWGS | AF6: {=INDEX(F2:F71, MATCH(AC6, R2:R71, 0))} -> DECOUPES | AG6: {=INDEX(I2:I71, MATCH(AC6, R2:R71, 0))} -> METAMOOKDAWGS | AH6: =IFERROR(IF(G6=0,"-",_xlfn.RANK.EQ(Q6,$Q:$Q,1)+(COUNTIFS(Q:Q, Q6, G:G, ">" & G6))),"ERROR") -> 42 | AI6: =IFERROR(IF(G6=0,"-",_xlfn.RANK.EQ(Q6,$Q:$Q,0)+(COUNTIFS(Q:Q, Q6, AK:AK, "<" & AK6))),"ERROR") -> 29 | AJ6: =IFERROR(IF(G6=0,"-",_xlfn.RANK.EQ(R6,$R:$R,1)+(COUNTIFS(R:R, R6, AH:AH, "<" & AH6))),"ERROR") -> 7 | AK6: =IFERROR(IF(G6=0,"-",_xlfn.RANK.EQ(R6,$R:$R,0)+(COUNTIFS(R:R, R6, AH:AH, "<" & AH6))),"ERROR") -> 64 | AL6: =IFERROR(IF(G6=0,"-",AVERAGE(AH6,AK6)),"UPCOMING") -> 53 | AM6: =IFERROR(IF(G6=0,"-",_xlfn.RANK.EQ(AL6,AL:AL,1)+(COUNTIFS(AL:AL,AL6,AH:AH,"<"&AH6))),"UPCOMING") -> 62 | AN6: =IFERROR(IF(G6=0,"-",_xlfn.RANK.EQ(AL6,AL:AL,0)+(COUNTIFS(AL:AL,AL6,AI:AI,"<"&AI6))),"UPCOMING") -> 9 | AO6: =IFERROR(IF((AND(G6<>0, S6="MOTW")),AVERAGE(AH6,AK6),"-"),"UPCOMING") -> 53 | AP6: =IFERROR(IF(AND(G6<>0, S6="MOTW"), _xlfn.RANK.EQ(AO6, AO:AO, 1) + COUNTIFS(AO:AO, AO6, AH:AH, "<" & AH6), "UPCOMING"), "-") -> 14 | AQ6: =_xlfn.RANK.EQ(L6,$L$2:$L$70,1)+COUNTIFS($L$2:$L$70,L6,$AM$2:$AM$70,"<"&AM6) -> 2 | AR6: =IFERROR(IF(AND(G6<>0, U6="UPSET"), L6,"NO UPSET"),"-") -> NO UPSET | AS6: =IFERROR(IF(AL6="NO UPSET","-",_xlfn.RANK.EQ(AR6,$AR$2:$AR$70,0)+COUNTIFS($AR$2:$AR$70,AR6,$AL$2:$AL$70,"<"&AL6)),"-") -> - | AV6: 4 | AW6: =INDEX($AL:$AL, MATCH(AV6,$AP:$AP,0)) -> 18.5 | AX6: =Settings!$R$3 -> 2025 | AY6: =INDEX($B:$B, MATCH(AV6,$AP:$AP,0)) -> WEEK 9 | AZ6: =INDEX($N:$N, MATCH(AV6,$AP:$AP,0)) -> GREEN | BA6: =INDEX($O:$O, MATCH(AV6,$AP:$AP,0)) -> POPEYES | BB6: {=Settings!$R$3 & " REG, PVE FFL GAME " & INDEX($A:$A, MATCH(AV6,$AP:$AP,0))} -> 2025 REG, PVE FFL GAME 41 | BC6: =INDEX($Q:$Q, MATCH(AV6,$AP:$AP,0)) -> 12.62 | BD6: =INDEX($R:$R, MATCH(AV6,$AP:$AP,0)) -> 338.36 | BE6: =INDEX($S:$S, MATCH(AV6,$AP:$AP,0)) -> MOTW | BG6: =_xlfn.RANK.EQ(BK6, $BK$2:$BK$10, 0) -> 7 | BH6: =Settings!A12 -> KINGS | BI6: =COUNTIFS('Weekly Scores'!$N$2:$N$71, $BH6, 'Weekly Scores'!$G$2:$G$71, "<>", 'Weekly Scores'!$H$2:$H$71, "<>") -> 5 | BJ6: {=(SUMPRODUCT(((($F$1:$F$71=BH6)*($G$1:$G$71<$H$1:$H$71))+(($I$1:$I$71=BH6)*($H$1:$H$71<$G$1:$G$71)))*($G$1:$H$71<>"")))/2} -> 9 | BK6: =IFERROR(BI6 / (BI6 + BJ6),0) -> 0.35714286 | BL6: =VLOOKUP(BH6, Settings!A12:C19, 3, FALSE) -> PRODIGY | BM6: =COUNTIFS($E$2:$E$71,BL6,$J$2:$J$71,BL6,$N$2:$N$71,BH6,'Weekly Scores'!$G$2:$G$71, "<>") -> 5 | BN6: =ABS(COUNTIFS($E$2:$E$71,BL6,$J$2:$J$71,BL6,$F$2:$F$71,BH6,'Weekly Scores'!$G$2:$G$71, "<>0")+COUNTIFS($E$2:$E$71,BL6,$J$2:$J$71,BL6,$I$2:$I$71,BH6,'Weekly Scores'!$G$2:$G$71, "<>0")-BM6) -> 3 | BO6: =IFERROR(BM6 / (BM6 + BN6),0) -> 0.625 | BP6: =COUNTIFS($N$2:$N$71,$BH6,$S$2:$S$71,"MOTW",'Weekly Scores'!$G$2:$G$71, "<>") -> 0 | BQ6: =COUNTIFS($O$2:$O$71,$BH6,$S$2:$S$71,"MOTW",'Weekly Scores'!$G$2:$G$71, "<>") -> 1 | BR6: =IFERROR(BP6 / (BP6 + BQ6),0) -> 0 | BS6: =BP6+BQ6 -> 1 | BT6: =_xlfn.RANK.EQ(BS6,$BS$2:$BS$11,0)+COUNTIFS($BS$2:$BS$11,BS6,$BR$2:$BR$11,">"&BR6) -> 9 | BU6: =COUNTIFS($N$2:$N$71,$BH6,$U$2:$U$71,"UPSET",'Weekly Scores'!$G$2:$G$71, "<>") -> 5 | BW6: =COUNTIFS($N$2:$N$71,$BH6,$P$2:$P$71,"YES",'Weekly Scores'!$G$2:$G$71, "<>") -> 5 | BX6: =COUNTIFS('Weekly Scores'!$N$2:$N$71, $BH6, 'Weekly Scores'!$G$2:$G$71, "<>", 'Weekly Scores'!$H$2:$H$71, "<>", $F$2:$F$71, $BH6) -> 2 | BY6: =(COUNTIFS('Weekly Scores'!$F$2:$F$71, $BH6, 'Weekly Scores'!$G$2:$G$71, "<>0", 'Weekly Scores'!$H$2:$H$71,"<>0"))-BX6 -> 5 | BZ6: =IFERROR(BX6 / (BX6 + BY6),0) -> 0.28571429 | CA6: =COUNTIFS('Weekly Scores'!$N$2:$N$71, $BH6, 'Weekly Scores'!$G$2:$G$71, "<>", 'Weekly Scores'!$H$2:$H$71, "<>", $I$2:$I$71, $BH6) -> 3 | CB6: =(COUNTIFS('Weekly Scores'!$I$2:$I$71, $BH6, 'Weekly Scores'!$G$2:$G$71, "<>0", 'Weekly Scores'!$H$2:$H$71,"<>0"))-CA6 -> 4 | CC6: =IFERROR(CA6 / (CA6 + CB6),0) -> 0.42857143 | CE6: =IF(AND(CF6=0, CG6=0), 0, (CF6+CG6)/IF(CF6=0, 1, IF(CG6=0, 1, 2))) -> 14.281509 | CF6: =IFERROR(AVERAGEIFS(L:L,I:I,BH6),0) -> 12.877448 | CG6: =IFERROR(AVERAGEIFS(L:L,F:F,BH6),0) -> 15.68557 | CH6: =RANK(CE6,CE$2:CE$11,1) -> 9
A7: 6 | B7: {=INDEX(Settings!H$2:H$72, ROW())} -> WEEK 2 | C7: {=INDEX(Settings!I$2:I$72, ROW())} -> GAME 1 | D7: {=INDEX('BACKEND 1'!$V$28:$AK$38, MATCH(F7, 'BACKEND 1'!$V$28:$V$38, 0), MATCH(B7, 'BACKEND 1'!$V$28:$AK$28, 0))} -> 7 | E7: =VLOOKUP(F7, Settings!$A$3:$C$12, 3, FALSE) -> ESTEEMED | F7: {=INDEX(Settings!J$2:J$72, ROW())} -> METAMOOKDAWGS | G7: =SUMIFS('All-Stars'!E:E, 'All-Stars'!B:B, F7, 'All-Stars'!F:F, B7) -> 133.69 | H7: =SUMIFS('All-Stars'!E:E, 'All-Stars'!B:B, I7, 'All-Stars'!F:F, B7) -> 178.73 | I7: {=INDEX(Settings!K$2:K$72, ROW())} -> YARDIES | J7: =VLOOKUP(I7, Settings!$A$3:$C$12, 3, FALSE) -> ESTEEMED | K7: {=INDEX('BACKEND 1'!$V$28:$AK$38, MATCH(I7, 'BACKEND 1'!$V$28:$V$38, 0), MATCH(B7, 'BACKEND 1'!$V$28:$AK$28, 0))} -> 5 | L7: {=IFERROR(IF(D7=0,"-",INDEX('BACKEND 1'!$V$54:$AF$64, MATCH(D7, 'BACKEND 1'!$V$54:$V$64, 0), MATCH(K7, 'BACKEND 1'!$V$54:$AF$54, 0))),"-")} -> 10.414214 | M7: =_xlfn.RANK.EQ(L7,L7:L11,1) -> 2 | N7: =IF(G7 > H7, F7, IF(H7 > G7, I7, "Tie")) -> YARDIES | O7: =IF(G7 < H7, F7, IF(H7 < G7, I7, "Tie")) -> METAMOOKDAWGS | P7: =IF(G7=0,"",IF(Q7 > 40, "YES", "")) -> YES | Q7: =IF(G7=0,"-",ABS(G7 - H7)) -> 45.04 | R7: =IF(G7=0,"-",G7 + H7) -> 312.42 | S7: =IF(AND(L7 <> 0, L7 = MINIFS(L$2:L$72, B$2:B$72, B7)), "MOTW", "") | U7: =IF(OR(AND(K7>D7,H7>G7),AND(D7>K7, G7>H7)), "UPSET", "") | V7: 2 | W7: =IF(OR(N7=F7,N7=H7),1,0) -> 0 | X7: =IF(OR(N7="POPEYES"), IF(ROW()=2,1,IF(N6="POPEYES",X6+1,1)), 0) -> 0 | Z7: Highest Rank Game, Winner | AC7: {=MIN(IF(L2:L71<>0,L2:L71))} -> 3.7071068 | AD7: {=INDEX(N2:N71, MATCH(AC7, L2:L71, 0))} -> POPEYES | AE7: {=INDEX(B2:B71, MATCH(AC7, L2:L71, 0))} -> WEEK 1 | AH7: =IFERROR(IF(G7=0,"-",_xlfn.RANK.EQ(Q7,$Q:$Q,1)+(COUNTIFS(Q:Q, Q7, G:G, ">" & G7))),"ERROR") -> 48 | AI7: =IFERROR(IF(G7=0,"-",_xlfn.RANK.EQ(Q7,$Q:$Q,0)+(COUNTIFS(Q:Q, Q7, AK:AK, "<" & AK7))),"ERROR") -> 23 | AJ7: =IFERROR(IF(G7=0,"-",_xlfn.RANK.EQ(R7,$R:$R,1)+(COUNTIFS(R:R, R7, AH:AH, "<" & AH7))),"ERROR") -> 32 | AK7: =IFERROR(IF(G7=0,"-",_xlfn.RANK.EQ(R7,$R:$R,0)+(COUNTIFS(R:R, R7, AH:AH, "<" & AH7))),"ERROR") -> 39 | AL7: =IFERROR(IF(G7=0,"-",AVERAGE(AH7,AK7)),"UPCOMING") -> 43.5 | AM7: =IFERROR(IF(G7=0,"-",_xlfn.RANK.EQ(AL7,AL:AL,1)+(COUNTIFS(AL:AL,AL7,AH:AH,"<"&AH7))),"UPCOMING") -> 48 | AN7: =IFERROR(IF(G7=0,"-",_xlfn.RANK.EQ(AL7,AL:AL,0)+(COUNTIFS(AL:AL,AL7,AI:AI,"<"&AI7))),"UPCOMING") -> 23 | AO7: =IFERROR(IF((AND(G7<>0, S7="MOTW")),AVERAGE(AH7,AK7),"-"),"UPCOMING") -> - | AP7: =IFERROR(IF(AND(G7<>0, S7="MOTW"), _xlfn.RANK.EQ(AO7, AO:AO, 1) + COUNTIFS(AO:AO, AO7, AH:AH, "<" & AH7), "UPCOMING"), "-") -> UPCOMING | AQ7: =_xlfn.RANK.EQ(L7,$L$2:$L$70,1)+COUNTIFS($L$2:$L$70,L7,$AM$2:$AM$70,"<"&AM7) -> 22 | AR7: =IFERROR(IF(AND(G7<>0, U7="UPSET"), L7,"NO UPSET"),"-") -> NO UPSET | AS7: =IFERROR(IF(AL7="NO UPSET","-",_xlfn.RANK.EQ(AR7,$AR$2:$AR$70,0)+COUNTIFS($AR$2:$AR$70,AR7,$AL$2:$AL$70,"<"&AL7)),"-") -> - | AV7: 5 | AW7: =INDEX($AL:$AL, MATCH(AV7,$AP:$AP,0)) -> 20 | AX7: =Settings!$R$3 -> 2025 | AY7: =INDEX($B:$B, MATCH(AV7,$AP:$AP,0)) -> WEEK 8 | AZ7: =INDEX($N:$N, MATCH(AV7,$AP:$AP,0)) -> GREEN | BA7: =INDEX($O:$O, MATCH(AV7,$AP:$AP,0)) -> DECOUPES | BB7: {=Settings!$R$3 & " REG, PVE FFL GAME " & INDEX($A:$A, MATCH(AV7,$AP:$AP,0))} -> 2025 REG, PVE FFL GAME 37 | BC7: =INDEX($Q:$Q, MATCH(AV7,$AP:$AP,0)) -> 22.65 | BD7: =INDEX($R:$R, MATCH(AV7,$AP:$AP,0)) -> 344.37 | BE7: =INDEX($S:$S, MATCH(AV7,$AP:$AP,0)) -> MOTW | BG7: =_xlfn.RANK.EQ(BK7, $BK$2:$BK$10, 0) -> 6 | BH7: =Settings!A7 -> CHAMPS | BI7: =COUNTIFS('Weekly Scores'!$N$2:$N$71, $BH7, 'Weekly Scores'!$G$2:$G$71, "<>", 'Weekly Scores'!$H$2:$H$71, "<>") -> 6 | BJ7: {=(SUMPRODUCT(((($F$1:$F$71=BH7)*($G$1:$G$71<$H$1:$H$71))+(($I$1:$I$71=BH7)*($H$1:$H$71<$G$1:$G$71)))*($G$1:$H$71<>"")))/2} -> 8 | BK7: =IFERROR(BI7 / (BI7 + BJ7),0) -> 0.42857143 | BL7: =VLOOKUP(BH7, Settings!A7:C14, 3, FALSE) -> ESTEEMED | BM7: =COUNTIFS($E$2:$E$71,BL7,$J$2:$J$71,BL7,$N$2:$N$71,BH7,'Weekly Scores'!$G$2:$G$71, "<>") -> 4 | BN7: =ABS(COUNTIFS($E$2:$E$71,BL7,$J$2:$J$71,BL7,$F$2:$F$71,BH7,'Weekly Scores'!$G$2:$G$71, "<>0")+COUNTIFS($E$2:$E$71,BL7,$J$2:$J$71,BL7,$I$2:$I$71,BH7,'Weekly Scores'!$G$2:$G$71, "<>0")-BM7) -> 4 | BO7: =IFERROR(BM7 / (BM7 + BN7),0) -> 0.5 | BP7: =COUNTIFS($N$2:$N$71,$BH7,$S$2:$S$71,"MOTW",'Weekly Scores'!$G$2:$G$71, "<>") -> 1 | BQ7: =COUNTIFS($O$2:$O$71,$BH7,$S$2:$S$71,"MOTW",'Weekly Scores'!$G$2:$G$71, "<>") -> 3 | BR7: =IFERROR(BP7 / (BP7 + BQ7),0) -> 0.25 | BS7: =BP7+BQ7 -> 4 | BT7: =_xlfn.RANK.EQ(BS7,$BS$2:$BS$11,0)+COUNTIFS($BS$2:$BS$11,BS7,$BR$2:$BR$11,">"&BR7) -> 5 | BU7: =COUNTIFS($N$2:$N$71,$BH7,$U$2:$U$71,"UPSET",'Weekly Scores'!$G$2:$G$71, "<>") -> 2 | BW7: =COUNTIFS($N$2:$N$71,$BH7,$P$2:$P$71,"YES",'Weekly Scores'!$G$2:$G$71, "<>") -> 3 | BX7: =COUNTIFS('Weekly Scores'!$N$2:$N$71, $BH7, 'Weekly Scores'!$G$2:$G$71, "<>", 'Weekly Scores'!$H$2:$H$71, "<>", $F$2:$F$71, $BH7) -> 2 | BY7: =(COUNTIFS('Weekly Scores'!$F$2:$F$71, $BH7, 'Weekly Scores'!$G$2:$G$71, "<>0", 'Weekly Scores'!$H$2:$H$71,"<>0"))-BX7 -> 5 | BZ7: =IFERROR(BX7 / (BX7 + BY7),0) -> 0.28571429 | CA7: =COUNTIFS('Weekly Scores'!$N$2:$N$71, $BH7, 'Weekly Scores'!$G$2:$G$71, "<>", 'Weekly Scores'!$H$2:$H$71, "<>", $I$2:$I$71, $BH7) -> 4 | CB7: =(COUNTIFS('Weekly Scores'!$I$2:$I$71, $BH7, 'Weekly Scores'!$G$2:$G$71, "<>0", 'Weekly Scores'!$H$2:$H$71,"<>0"))-CA7 -> 3 | CC7: =IFERROR(CA7 / (CA7 + CB7),0) -> 0.57142857 | CE7: =IF(AND(CF7=0, CG7=0), 0, (CF7+CG7)/IF(CF7=0, 1, IF(CG7=0, 1, 2))) -> 12.049892 | CF7: =IFERROR(AVERAGEIFS(L:L,I:I,BH7),0) -> 12.407035 | CG7: =IFERROR(AVERAGEIFS(L:L,F:F,BH7),0) -> 11.692749 | CH7: =RANK(CE7,CE$2:CE$11,1) -> 2
A8: 7 | B8: {=INDEX(Settings!H$2:H$72, ROW())} -> WEEK 2 | C8: {=INDEX(Settings!I$2:I$72, ROW())} -> GAME 2 | D8: {=INDEX('BACKEND 1'!$V$28:$AK$38, MATCH(F8, 'BACKEND 1'!$V$28:$V$38, 0), MATCH(B8, 'BACKEND 1'!$V$28:$AK$28, 0))} -> 1 | E8: =VLOOKUP(F8, Settings!$A$3:$C$12, 3, FALSE) -> ESTEEMED | F8: {=INDEX(Settings!J$2:J$72, ROW())} -> CHAMPS | G8: =SUMIFS('All-Stars'!E:E, 'All-Stars'!B:B, F8, 'All-Stars'!F:F, B8) -> 154.71 | H8: =SUMIFS('All-Stars'!E:E, 'All-Stars'!B:B, I8, 'All-Stars'!F:F, B8) -> 234.4 | I8: {=INDEX(Settings!K$2:K$72, ROW())} -> MUTTS | J8: =VLOOKUP(I8, Settings!$A$3:$C$12, 3, FALSE) -> ESTEEMED | K8: {=INDEX('BACKEND 1'!$V$28:$AK$38, MATCH(I8, 'BACKEND 1'!$V$28:$V$38, 0), MATCH(B8, 'BACKEND 1'!$V$28:$AK$28, 0))} -> 2 | L8: {=IFERROR(IF(D8=0,"-",INDEX('BACKEND 1'!$V$54:$AF$64, MATCH(D8, 'BACKEND 1'!$V$54:$V$64, 0), MATCH(K8, 'BACKEND 1'!$V$54:$AF$54, 0))),"-")} -> 3.7071068 | M8: =_xlfn.RANK.EQ(L8,L7:L11,1) -> 1 | N8: =IF(G8 > H8, F8, IF(H8 > G8, I8, "Tie")) -> MUTTS | O8: =IF(G8 < H8, F8, IF(H8 < G8, I8, "Tie")) -> CHAMPS | P8: =IF(G8=0,"",IF(Q8 > 40, "YES", "")) -> YES | Q8: =IF(G8=0,"-",ABS(G8 - H8)) -> 79.69 | R8: =IF(G8=0,"-",G8 + H8) -> 389.11 | S8: =IF(AND(L8 <> 0, L8 = MINIFS(L$2:L$72, B$2:B$72, B8)), "MOTW", "") -> MOTW | U8: =IF(OR(AND(K8>D8,H8>G8),AND(D8>K8, G8>H8)), "UPSET", "") -> UPSET | V8: 2 | W8: =IF(OR(N8=F8,N8=H8),1,0) -> 0 | X8: =IF(OR(N8="POPEYES"), IF(ROW()=2,1,IF(N7="POPEYES",X7+1,1)), 0) -> 0 | Z8: Highest Rank Game, Loser | AC8: {=MIN(IF(L2:L71<>0,L2:L71))} -> 3.7071068 | AD8: =IF(AF8 <> AD7, AF8, IF(AG8 <> AD7, AG8, "")) -> SAVAGES | AF8: {=INDEX(F2:F71, MATCH(AC8, L2:L71, 0))} -> SAVAGES | AG8: {=INDEX(I2:I71, MATCH(AC8, L2:L71, 0))} -> POPEYES | AH8: =IFERROR(IF(G8=0,"-",_xlfn.RANK.EQ(Q8,$Q:$Q,1)+(COUNTIFS(Q:Q, Q8, G:G, ">" & G8))),"ERROR") -> 67 | AI8: =IFERROR(IF(G8=0,"-",_xlfn.RANK.EQ(Q8,$Q:$Q,0)+(COUNTIFS(Q:Q, Q8, AK:AK, "<" & AK8))),"ERROR") -> 4 | AJ8: =IFERROR(IF(G8=0,"-",_xlfn.RANK.EQ(R8,$R:$R,1)+(COUNTIFS(R:R, R8, AH:AH, "<" & AH8))),"ERROR") -> 68 | AK8: =IFERROR(IF(G8=0,"-",_xlfn.RANK.EQ(R8,$R:$R,0)+(COUNTIFS(R:R, R8, AH:AH, "<" & AH8))),"ERROR") -> 3 | AL8: =IFERROR(IF(G8=0,"-",AVERAGE(AH8,AK8)),"UPCOMING") -> 35 | AM8: =IFERROR(IF(G8=0,"-",_xlfn.RANK.EQ(AL8,AL:AL,1)+(COUNTIFS(AL:AL,AL8,AH:AH,"<"&AH8))),"UPCOMING") -> 37 | AN8: =IFERROR(IF(G8=0,"-",_xlfn.RANK.EQ(AL8,AL:AL,0)+(COUNTIFS(AL:AL,AL8,AI:AI,"<"&AI8))),"UPCOMING") -> 34 | AO8: =IFERROR(IF((AND(G8<>0, S8="MOTW")),AVERAGE(AH8,AK8),"-"),"UPCOMING") -> 35 | AP8: =IFERROR(IF(AND(G8<>0, S8="MOTW"), _xlfn.RANK.EQ(AO8, AO:AO, 1) + COUNTIFS(AO:AO, AO8, AH:AH, "<" & AH8), "UPCOMING"), "-") -> 9 | AQ8: =_xlfn.RANK.EQ(L8,$L$2:$L$70,1)+COUNTIFS($L$2:$L$70,L8,$AM$2:$AM$70,"<"&AM8) -> 1 | AR8: =IFERROR(IF(AND(G8<>0, U8="UPSET"), L8,"NO UPSET"),"-") -> 3.7071068 | AS8: =IFERROR(IF(AL8="NO UPSET","-",_xlfn.RANK.EQ(AR8,$AR$2:$AR$70,0)+COUNTIFS($AR$2:$AR$70,AR8,$AL$2:$AL$70,"<"&AL8)),"-") -> 30 | BG8: =_xlfn.RANK.EQ(BK8, $BK$2:$BK$10, 0) -> 9 | BH8: =Settings!A8 -> METAMOOKDAWGS | BI8: =COUNTIFS('Weekly Scores'!$N$2:$N$71, $BH8, 'Weekly Scores'!$G$2:$G$71, "<>", 'Weekly Scores'!$H$2:$H$71, "<>") -> 4 | BJ8: {=(SUMPRODUCT(((($F$1:$F$71=BH8)*($G$1:$G$71<$H$1:$H$71))+(($I$1:$I$71=BH8)*($H$1:$H$71<$G$1:$G$71)))*($G$1:$H$71<>"")))/2} -> 10 | BK8: =IFERROR(BI8 / (BI8 + BJ8),0) -> 0.28571429 | BL8: =VLOOKUP(BH8, Settings!A8:C15, 3, FALSE) -> ESTEEMED | BM8: =COUNTIFS($E$2:$E$71,BL8,$J$2:$J$71,BL8,$N$2:$N$71,BH8,'Weekly Scores'!$G$2:$G$71, "<>") -> 2 | BN8: =ABS(COUNTIFS($E$2:$E$71,BL8,$J$2:$J$71,BL8,$F$2:$F$71,BH8,'Weekly Scores'!$G$2:$G$71, "<>0")+COUNTIFS($E$2:$E$71,BL8,$J$2:$J$71,BL8,$I$2:$I$71,BH8,'Weekly Scores'!$G$2:$G$71, "<>0")-BM8) -> 6 | BO8: =IFERROR(BM8 / (BM8 + BN8),0) -> 0.25 | BP8: =COUNTIFS($N$2:$N$71,$BH8,$S$2:$S$71,"MOTW",'Weekly Scores'!$G$2:$G$71, "<>") -> 0 | BQ8: =COUNTIFS($O$2:$O$71,$BH8,$S$2:$S$71,"MOTW",'Weekly Scores'!$G$2:$G$71, "<>") -> 1 | BR8: =IFERROR(BP8 / (BP8 + BQ8),0) -> 0 | BS8: =BP8+BQ8 -> 1 | BT8: =_xlfn.RANK.EQ(BS8,$BS$2:$BS$11,0)+COUNTIFS($BS$2:$BS$11,BS8,$BR$2:$BR$11,">"&BR8) -> 9 | BU8: =COUNTIFS($N$2:$N$71,$BH8,$U$2:$U$71,"UPSET",'Weekly Scores'!$G$2:$G$71, "<>") -> 4 | BW8: =COUNTIFS($N$2:$N$71,$BH8,$P$2:$P$71,"YES",'Weekly Scores'!$G$2:$G$71, "<>") -> 2 | BX8: =COUNTIFS('Weekly Scores'!$N$2:$N$71, $BH8, 'Weekly Scores'!$G$2:$G$71, "<>", 'Weekly Scores'!$H$2:$H$71, "<>", $F$2:$F$71, $BH8) -> 3 | BY8: =(COUNTIFS('Weekly Scores'!$F$2:$F$71, $BH8, 'Weekly Scores'!$G$2:$G$71, "<>0", 'Weekly Scores'!$H$2:$H$71,"<>0"))-BX8 -> 4 | BZ8: =IFERROR(BX8 / (BX8 + BY8),0) -> 0.42857143 | CA8: =COUNTIFS('Weekly Scores'!$N$2:$N$71, $BH8, 'Weekly Scores'!$G$2:$G$71, "<>", 'Weekly Scores'!$H$2:$H$71, "<>", $I$2:$I$71, $BH8) -> 1 | CB8: =(COUNTIFS('Weekly Scores'!$I$2:$I$71, $BH8, 'Weekly Scores'!$G$2:$G$71, "<>0", 'Weekly Scores'!$H$2:$H$71,"<>0"))-CA8 -> 6 | CC8: =IFERROR(CA8 / (CA8 + CB8),0) -> 0.14285714 | CE8: =IF(AND(CF8=0, CG8=0), 0, (CF8+CG8)/IF(CF8=0, 1, IF(CG8=0, 1, 2))) -> 13.12132 | CF8: =IFERROR(AVERAGEIFS(L:L,I:I,BH8),0) -> 13.222336 | CG8: =IFERROR(AVERAGEIFS(L:L,F:F,BH8),0) -> 13.020305 | CH8: =RANK(CE8,CE$2:CE$11,1) -> 7
A9: 8 | B9: {=INDEX(Settings!H$2:H$72, ROW())} -> WEEK 2 | C9: {=INDEX(Settings!I$2:I$72, ROW())} -> GAME 3 | D9: {=INDEX('BACKEND 1'!$V$28:$AK$38, MATCH(F9, 'BACKEND 1'!$V$28:$V$38, 0), MATCH(B9, 'BACKEND 1'!$V$28:$AK$28, 0))} -> 4 | E9: =VLOOKUP(F9, Settings!$A$3:$C$12, 3, FALSE) -> PRODIGY | F9: {=INDEX(Settings!J$2:J$72, ROW())} -> POPEYES | G9: =SUMIFS('All-Stars'!E:E, 'All-Stars'!B:B, F9, 'All-Stars'!F:F, B9) -> 156.22 | H9: =SUMIFS('All-Stars'!E:E, 'All-Stars'!B:B, I9, 'All-Stars'!F:F, B9) -> 120.12 | I9: {=INDEX(Settings!K$2:K$72, ROW())} -> EAGLES | J9: =VLOOKUP(I9, Settings!$A$3:$C$12, 3, FALSE) -> ESTEEMED | K9: {=INDEX('BACKEND 1'!$V$28:$AK$38, MATCH(I9, 'BACKEND 1'!$V$28:$V$38, 0), MATCH(B9, 'BACKEND 1'!$V$28:$AK$28, 0))} -> 8 | L9: {=IFERROR(IF(D9=0,"-",INDEX('BACKEND 1'!$V$54:$AF$64, MATCH(D9, 'BACKEND 1'!$V$54:$V$64, 0), MATCH(K9, 'BACKEND 1'!$V$54:$AF$54, 0))),"-")} -> 14.828427 | M9: =_xlfn.RANK.EQ(L9,L7:L11,1) -> 5 | N9: =IF(G9 > H9, F9, IF(H9 > G9, I9, "Tie")) -> POPEYES | O9: =IF(G9 < H9, F9, IF(H9 < G9, I9, "Tie")) -> EAGLES | P9: =IF(G9=0,"",IF(Q9 > 40, "YES", "")) | Q9: =IF(G9=0,"-",ABS(G9 - H9)) -> 36.1 | R9: =IF(G9=0,"-",G9 + H9) -> 276.34 | S9: =IF(AND(L9 <> 0, L9 = MINIFS(L$2:L$72, B$2:B$72, B9)), "MOTW", "") | U9: =IF(OR(AND(K9>D9,H9>G9),AND(D9>K9, G9>H9)), "UPSET", "") | V9: 2 | W9: =IF(OR(N9=F9,N9=H9),1,0) -> 1 | X9: =IF(OR(N9="POPEYES"), IF(ROW()=2,1,IF(N8="POPEYES",X8+1,1)), 0) -> 1 | Z9: Biggest Upset | AC9: =MAXIFS(L2:L71, U2:U71, "UPSET") -> 25.363961 | AD9: {=INDEX(N2:N71, MATCH(MAX(IF((U2:U71="UPSET") * (L2:L71=AC9), V2:V71)), V2:V71, 0))} -> KINGS | AE9: {=IFERROR(INDEX(N2:N71, SMALL(IF((U2:U71="UPSET") * (L2:L71=AC9), ROW(N2:N71)-ROW(N2)+1), ROW(INDIRECT("1:4")))),"")} -> METAMOOKDAWGS | AF9: {=IFERROR(INDEX(B2:B71, SMALL(IF((U2:U71="UPSET") * (L2:L71=AC9), ROW(B2:B71)-ROW(B2)+1), ROW(INDIRECT("1:4")))),"")} -> WEEK 8 | AH9: =IFERROR(IF(G9=0,"-",_xlfn.RANK.EQ(Q9,$Q:$Q,1)+(COUNTIFS(Q:Q, Q9, G:G, ">" & G9))),"ERROR") -> 38 | AI9: =IFERROR(IF(G9=0,"-",_xlfn.RANK.EQ(Q9,$Q:$Q,0)+(COUNTIFS(Q:Q, Q9, AK:AK, "<" & AK9))),"ERROR") -> 33 | AJ9: =IFERROR(IF(G9=0,"-",_xlfn.RANK.EQ(R9,$R:$R,1)+(COUNTIFS(R:R, R9, AH:AH, "<" & AH9))),"ERROR") -> 9 | AK9: =IFERROR(IF(G9=0,"-",_xlfn.RANK.EQ(R9,$R:$R,0)+(COUNTIFS(R:R, R9, AH:AH, "<" & AH9))),"ERROR") -> 62 | AL9: =IFERROR(IF(G9=0,"-",AVERAGE(AH9,AK9)),"UPCOMING") -> 50 | AM9: =IFERROR(IF(G9=0,"-",_xlfn.RANK.EQ(AL9,AL:AL,1)+(COUNTIFS(AL:AL,AL9,AH:AH,"<"&AH9))),"UPCOMING") -> 60 | AN9: =IFERROR(IF(G9=0,"-",_xlfn.RANK.EQ(AL9,AL:AL,0)+(COUNTIFS(AL:AL,AL9,AI:AI,"<"&AI9))),"UPCOMING") -> 11 | AO9: =IFERROR(IF((AND(G9<>0, S9="MOTW")),AVERAGE(AH9,AK9),"-"),"UPCOMING") -> - | AP9: =IFERROR(IF(AND(G9<>0, S9="MOTW"), _xlfn.RANK.EQ(AO9, AO:AO, 1) + COUNTIFS(AO:AO, AO9, AH:AH, "<" & AH9), "UPCOMING"), "-") -> UPCOMING | AQ9: =_xlfn.RANK.EQ(L9,$L$2:$L$70,1)+COUNTIFS($L$2:$L$70,L9,$AM$2:$AM$70,"<"&AM9) -> 47 | AR9: =IFERROR(IF(AND(G9<>0, U9="UPSET"), L9,"NO UPSET"),"-") -> NO UPSET | AS9: =IFERROR(IF(AL9="NO UPSET","-",_xlfn.RANK.EQ(AR9,$AR$2:$AR$70,0)+COUNTIFS($AR$2:$AR$70,AR9,$AL$2:$AL$70,"<"&AL9)),"-") -> - | AV9: ="Top 5 Greatest "& Settings!$R$3& " Regular Season Games - PVE FFL" -> Top 5 Greatest 2025 Regular Season Games - PVE FFL | BG9: =_xlfn.RANK.EQ(BK9, $BK$2:$BK$10, 0) -> 2 | BH9: =Settings!A9 -> YARDIES | BI9: =COUNTIFS('Weekly Scores'!$N$2:$N$71, $BH9, 'Weekly Scores'!$G$2:$G$71, "<>", 'Weekly Scores'!$H$2:$H$71, "<>") -> 9 | BJ9: {=(SUMPRODUCT(((($F$1:$F$71=BH9)*($G$1:$G$71<$H$1:$H$71))+(($I$1:$I$71=BH9)*($H$1:$H$71<$G$1:$G$71)))*($G$1:$H$71<>"")))/2} -> 5 | BK9: =IFERROR(BI9 / (BI9 + BJ9),0) -> 0.64285714 | BL9: =VLOOKUP(BH9, Settings!A9:C16, 3, FALSE) -> ESTEEMED | BM9: =COUNTIFS($E$2:$E$71,BL9,$J$2:$J$71,BL9,$N$2:$N$71,BH9,'Weekly Scores'!$G$2:$G$71, "<>") -> 5 | BN9: =ABS(COUNTIFS($E$2:$E$71,BL9,$J$2:$J$71,BL9,$F$2:$F$71,BH9,'Weekly Scores'!$G$2:$G$71, "<>0")+COUNTIFS($E$2:$E$71,BL9,$J$2:$J$71,BL9,$I$2:$I$71,BH9,'Weekly Scores'!$G$2:$G$71, "<>0")-BM9) -> 3 | BO9: =IFERROR(BM9 / (BM9 + BN9),0) -> 0.625 | BP9: =COUNTIFS($N$2:$N$71,$BH9,$S$2:$S$71,"MOTW",'Weekly Scores'!$G$2:$G$71, "<>") -> 3 | BQ9: =COUNTIFS($O$2:$O$71,$BH9,$S$2:$S$71,"MOTW",'Weekly Scores'!$G$2:$G$71, "<>") -> 2 | BR9: =IFERROR(BP9 / (BP9 + BQ9),0) -> 0.6 | BS9: =BP9+BQ9 -> 5 | BT9: =_xlfn.RANK.EQ(BS9,$BS$2:$BS$11,0)+COUNTIFS($BS$2:$BS$11,BS9,$BR$2:$BR$11,">"&BR9) -> 1 | BU9: =COUNTIFS($N$2:$N$71,$BH9,$U$2:$U$71,"UPSET",'Weekly Scores'!$G$2:$G$71, "<>") -> 1 | BW9: =COUNTIFS($N$2:$N$71,$BH9,$P$2:$P$71,"YES",'Weekly Scores'!$G$2:$G$71, "<>") -> 2 | BX9: =COUNTIFS('Weekly Scores'!$N$2:$N$71, $BH9, 'Weekly Scores'!$G$2:$G$71, "<>", 'Weekly Scores'!$H$2:$H$71, "<>", $F$2:$F$71, $BH9) -> 6 | BY9: =(COUNTIFS('Weekly Scores'!$F$2:$F$71, $BH9, 'Weekly Scores'!$G$2:$G$71, "<>0", 'Weekly Scores'!$H$2:$H$71,"<>0"))-BX9 -> 1 | BZ9: =IFERROR(BX9 / (BX9 + BY9),0) -> 0.85714286 | CA9: =COUNTIFS('Weekly Scores'!$N$2:$N$71, $BH9, 'Weekly Scores'!$G$2:$G$71, "<>", 'Weekly Scores'!$H$2:$H$71, "<>", $I$2:$I$71, $BH9) -> 3 | CB9: =(COUNTIFS('Weekly Scores'!$I$2:$I$71, $BH9, 'Weekly Scores'!$G$2:$G$71, "<>0", 'Weekly Scores'!$H$2:$H$71,"<>0"))-CA9 -> 4 | CC9: =IFERROR(CA9 / (CA9 + CB9),0) -> 0.42857143 | CE9: =IF(AND(CF9=0, CG9=0), 0, (CF9+CG9)/IF(CF9=0, 1, IF(CG9=0, 1, 2))) -> 12.445287 | CF9: =IFERROR(AVERAGEIFS(L:L,I:I,BH9),0) -> 12.995795 | CG9: =IFERROR(AVERAGEIFS(L:L,F:F,BH9),0) -> 11.894779 | CH9: =RANK(CE9,CE$2:CE$11,1) -> 5
A10: 9 | B10: {=INDEX(Settings!H$2:H$72, ROW())} -> WEEK 2 | C10: {=INDEX(Settings!I$2:I$72, ROW())} -> GAME 4 | D10: {=INDEX('BACKEND 1'!$V$28:$AK$38, MATCH(F10, 'BACKEND 1'!$V$28:$V$38, 0), MATCH(B10, 'BACKEND 1'!$V$28:$AK$28, 0))} -> 6 | E10: =VLOOKUP(F10, Settings!$A$3:$C$12, 3, FALSE) -> PRODIGY | F10: {=INDEX(Settings!J$2:J$72, ROW())} -> KINGS | G10: =SUMIFS('All-Stars'!E:E, 'All-Stars'!B:B, F10, 'All-Stars'!F:F, B10) -> 136.3 | H10: =SUMIFS('All-Stars'!E:E, 'All-Stars'!B:B, I10, 'All-Stars'!F:F, B10) -> 165.71 | I10: {=INDEX(Settings!K$2:K$72, ROW())} -> DECOUPES | J10: =VLOOKUP(I10, Settings!$A$3:$C$12, 3, FALSE) -> PRODIGY | K10: {=INDEX('BACKEND 1'!$V$28:$AK$38, MATCH(I10, 'BACKEND 1'!$V$28:$V$38, 0), MATCH(B10, 'BACKEND 1'!$V$28:$AK$28, 0))} -> 3 | L10: {=IFERROR(IF(D10=0,"-",INDEX('BACKEND 1'!$V$54:$AF$64, MATCH(D10, 'BACKEND 1'!$V$54:$V$64, 0), MATCH(K10, 'BACKEND 1'!$V$54:$AF$54, 0))),"-")} -> 11.12132 | M10: =_xlfn.RANK.EQ(L10,L7:L11,1) -> 3 | N10: =IF(G10 > H10, F10, IF(H10 > G10, I10, "Tie")) -> DECOUPES | O10: =IF(G10 < H10, F10, IF(H10 < G10, I10, "Tie")) -> KINGS | P10: =IF(G10=0,"",IF(Q10 > 40, "YES", "")) | Q10: =IF(G10=0,"-",ABS(G10 - H10)) -> 29.41 | R10: =IF(G10=0,"-",G10 + H10) -> 302.01 | S10: =IF(AND(L10 <> 0, L10 = MINIFS(L$2:L$72, B$2:B$72, B10)), "MOTW", "") | U10: =IF(OR(AND(K10>D10,H10>G10),AND(D10>K10, G10>H10)), "UPSET", "") | V10: 2 | W10: =IF(OR(N10=F10,N10=H10),1,0) -> 0 | X10: =IF(OR(N10="POPEYES"), IF(ROW()=2,1,IF(N9="POPEYES",X9+1,1)), 0) -> 0 | AH10: =IFERROR(IF(G10=0,"-",_xlfn.RANK.EQ(Q10,$Q:$Q,1)+(COUNTIFS(Q:Q, Q10, G:G, ">" & G10))),"ERROR") -> 28 | AI10: =IFERROR(IF(G10=0,"-",_xlfn.RANK.EQ(Q10,$Q:$Q,0)+(COUNTIFS(Q:Q, Q10, AK:AK, "<" & AK10))),"ERROR") -> 43 | AJ10: =IFERROR(IF(G10=0,"-",_xlfn.RANK.EQ(R10,$R:$R,1)+(COUNTIFS(R:R, R10, AH:AH, "<" & AH10))),"ERROR") -> 23 | AK10: =IFERROR(IF(G10=0,"-",_xlfn.RANK.EQ(R10,$R:$R,0)+(COUNTIFS(R:R, R10, AH:AH, "<" & AH10))),"ERROR") -> 48 | AL10: =IFERROR(IF(G10=0,"-",AVERAGE(AH10,AK10)),"UPCOMING") -> 38 | AM10: =IFERROR(IF(G10=0,"-",_xlfn.RANK.EQ(AL10,AL:AL,1)+(COUNTIFS(AL:AL,AL10,AH:AH,"<"&AH10))),"UPCOMING") -> 41 | AN10: =IFERROR(IF(G10=0,"-",_xlfn.RANK.EQ(AL10,AL:AL,0)+(COUNTIFS(AL:AL,AL10,AI:AI,"<"&AI10))),"UPCOMING") -> 30 | AO10: =IFERROR(IF((AND(G10<>0, S10="MOTW")),AVERAGE(AH10,AK10),"-"),"UPCOMING") -> - | AP10: =IFERROR(IF(AND(G10<>0, S10="MOTW"), _xlfn.RANK.EQ(AO10, AO:AO, 1) + COUNTIFS(AO:AO, AO10, AH:AH, "<" & AH10), "UPCOMING"), "-") -> UPCOMING | AQ10: =_xlfn.RANK.EQ(L10,$L$2:$L$70,1)+COUNTIFS($L$2:$L$70,L10,$AM$2:$AM$70,"<"&AM10) -> 25 | AR10: =IFERROR(IF(AND(G10<>0, U10="UPSET"), L10,"NO UPSET"),"-") -> NO UPSET | AS10: =IFERROR(IF(AL10="NO UPSET","-",_xlfn.RANK.EQ(AR10,$AR$2:$AR$70,0)+COUNTIFS($AR$2:$AR$70,AR10,$AL$2:$AL$70,"<"&AL10)),"-") -> - | AV10: Top 20 | AW10: Game Value | AX10: Year | AY10: Week | AZ10: Winner | BA10: Opposing Team | BB10: Game Ref # | BC10: Score gap | BD10: Combined Scoring | BE10: MOTW | BG10: =_xlfn.RANK.EQ(BK10, $BK$2:$BK$10, 0) -> 4 | BH10: =Settings!A10 -> MUTTS | BI10: =COUNTIFS('Weekly Scores'!$N$2:$N$71, $BH10, 'Weekly Scores'!$G$2:$G$71, "<>", 'Weekly Scores'!$H$2:$H$71, "<>") -> 7 | BJ10: {=(SUMPRODUCT(((($F$1:$F$71=BH10)*($G$1:$G$71<$H$1:$H$71))+(($I$1:$I$71=BH10)*($H$1:$H$71<$G$1:$G$71)))*($G$1:$H$71<>"")))/2} -> 7 | BK10: =IFERROR(BI10 / (BI10 + BJ10),0) -> 0.5 | BL10: =VLOOKUP(BH10, Settings!A10:C17, 3, FALSE) -> ESTEEMED | BM10: =COUNTIFS($E$2:$E$71,BL10,$J$2:$J$71,BL10,$N$2:$N$71,BH10,'Weekly Scores'!$G$2:$G$71, "<>") -> 5 | BN10: =ABS(COUNTIFS($E$2:$E$71,BL10,$J$2:$J$71,BL10,$F$2:$F$71,BH10,'Weekly Scores'!$G$2:$G$71, "<>0")+COUNTIFS($E$2:$E$71,BL10,$J$2:$J$71,BL10,$I$2:$I$71,BH10,'Weekly Scores'!$G$2:$G$71, "<>0")-BM10) -> 3 | BO10: =IFERROR(BM10 / (BM10 + BN10),0) -> 0.625 | BP10: =COUNTIFS($N$2:$N$71,$BH10,$S$2:$S$71,"MOTW",'Weekly Scores'!$G$2:$G$71, "<>") -> 2 | BQ10: =COUNTIFS($O$2:$O$71,$BH10,$S$2:$S$71,"MOTW",'Weekly Scores'!$G$2:$G$71, "<>") -> 2 | BR10: =IFERROR(BP10 / (BP10 + BQ10),0) -> 0.5 | BS10: =BP10+BQ10 -> 4 | BT10: =_xlfn.RANK.EQ(BS10,$BS$2:$BS$11,0)+COUNTIFS($BS$2:$BS$11,BS10,$BR$2:$BR$11,">"&BR10) -> 4 | BU10: =COUNTIFS($N$2:$N$71,$BH10,$U$2:$U$71,"UPSET",'Weekly Scores'!$G$2:$G$71, "<>") -> 2 | BW10: =COUNTIFS($N$2:$N$71,$BH10,$P$2:$P$71,"YES",'Weekly Scores'!$G$2:$G$71, "<>") -> 1 | BX10: =COUNTIFS('Weekly Scores'!$N$2:$N$71, $BH10, 'Weekly Scores'!$G$2:$G$71, "<>", 'Weekly Scores'!$H$2:$H$71, "<>", $F$2:$F$71, $BH10) -> 3 | BY10: =(COUNTIFS('Weekly Scores'!$F$2:$F$71, $BH10, 'Weekly Scores'!$G$2:$G$71, "<>0", 'Weekly Scores'!$H$2:$H$71,"<>0"))-BX10 -> 4 | BZ10: =IFERROR(BX10 / (BX10 + BY10),0) -> 0.42857143 | CA10: =COUNTIFS('Weekly Scores'!$N$2:$N$71, $BH10, 'Weekly Scores'!$G$2:$G$71, "<>", 'Weekly Scores'!$H$2:$H$71, "<>", $I$2:$I$71, $BH10) -> 4 | CB10: =(COUNTIFS('Weekly Scores'!$I$2:$I$71, $BH10, 'Weekly Scores'!$G$2:$G$71, "<>0", 'Weekly Scores'!$H$2:$H$71,"<>0"))-CA10 -> 3 | CC10: =IFERROR(CA10 / (CA10 + CB10),0) -> 0.57142857 | CE10: =IF(AND(CF10=0, CG10=0), 0, (CF10+CG10)/IF(CF10=0, 1, IF(CG10=0, 1, 2))) -> 13.530458 | CF10: =IFERROR(AVERAGEIFS(L:L,I:I,BH10),0) -> 13.988616 | CG10: =IFERROR(AVERAGEIFS(L:L,F:F,BH10),0) -> 13.0723 | CH10: =RANK(CE10,CE$2:CE$11,1) -> 8
A11: 10 | B11: {=INDEX(Settings!H$2:H$72, ROW())} -> WEEK 2 | C11: {=INDEX(Settings!I$2:I$72, ROW())} -> GAME 5 | D11: {=INDEX('BACKEND 1'!$V$28:$AK$38, MATCH(F11, 'BACKEND 1'!$V$28:$V$38, 0), MATCH(B11, 'BACKEND 1'!$V$28:$AK$28, 0))} -> 9 | E11: =VLOOKUP(F11, Settings!$A$3:$C$12, 3, FALSE) -> PRODIGY | F11: {=INDEX(Settings!J$2:J$72, ROW())} -> GREEN | G11: =SUMIFS('All-Stars'!E:E, 'All-Stars'!B:B, F11, 'All-Stars'!F:F, B11) -> 136.5 | H11: =SUMIFS('All-Stars'!E:E, 'All-Stars'!B:B, I11, 'All-Stars'!F:F, B11) -> 181.62 | I11: {=INDEX(Settings!K$2:K$72, ROW())} -> SAVAGES | J11: =VLOOKUP(I11, Settings!$A$3:$C$12, 3, FALSE) -> PRODIGY | K11: {=INDEX('BACKEND 1'!$V$28:$AK$38, MATCH(I11, 'BACKEND 1'!$V$28:$V$38, 0), MATCH(B11, 'BACKEND 1'!$V$28:$AK$28, 0))} -> 10 | L11: {=IFERROR(IF(D11=0,"-",INDEX('BACKEND 1'!$V$54:$AF$64, MATCH(D11, 'BACKEND 1'!$V$54:$V$64, 0), MATCH(K11, 'BACKEND 1'!$V$54:$AF$54, 0))),"-")} -> 11.707107 | M11: =_xlfn.RANK.EQ(L11,L7:L11,1) -> 4 | N11: =IF(G11 > H11, F11, IF(H11 > G11, I11, "Tie")) -> SAVAGES | O11: =IF(G11 < H11, F11, IF(H11 < G11, I11, "Tie")) -> GREEN | P11: =IF(G11=0,"",IF(Q11 > 40, "YES", "")) -> YES | Q11: =IF(G11=0,"-",ABS(G11 - H11)) -> 45.12 | R11: =IF(G11=0,"-",G11 + H11) -> 318.12 | S11: =IF(AND(L11 <> 0, L11 = MINIFS(L$2:L$72, B$2:B$72, B11)), "MOTW", "") | U11: =IF(OR(AND(K11>D11,H11>G11),AND(D11>K11, G11>H11)), "UPSET", "") -> UPSET | V11: 2 | W11: =IF(OR(N11=F11,N11=H11),1,0) -> 0 | X11: =IF(OR(N11="POPEYES"), IF(ROW()=2,1,IF(N10="POPEYES",X10+1,1)), 0) -> 0 | AD11: {=INDEX(B2:B71, MATCH(MAX(IF((U2:U71="UPSET") * (L2:L71=AC9), V2:V71)), V2:V71, 0))} -> WEEK 8 | AH11: =IFERROR(IF(G11=0,"-",_xlfn.RANK.EQ(Q11,$Q:$Q,1)+(COUNTIFS(Q:Q, Q11, G:G, ">" & G11))),"ERROR") -> 49 | AI11: =IFERROR(IF(G11=0,"-",_xlfn.RANK.EQ(Q11,$Q:$Q,0)+(COUNTIFS(Q:Q, Q11, AK:AK, "<" & AK11))),"ERROR") -> 22 | AJ11: =IFERROR(IF(G11=0,"-",_xlfn.RANK.EQ(R11,$R:$R,1)+(COUNTIFS(R:R, R11, AH:AH, "<" & AH11))),"ERROR") -> 35 | AK11: =IFERROR(IF(G11=0,"-",_xlfn.RANK.EQ(R11,$R:$R,0)+(COUNTIFS(R:R, R11, AH:AH, "<" & AH11))),"ERROR") -> 36 | AL11: =IFERROR(IF(G11=0,"-",AVERAGE(AH11,AK11)),"UPCOMING") -> 42.5 | AM11: =IFERROR(IF(G11=0,"-",_xlfn.RANK.EQ(AL11,AL:AL,1)+(COUNTIFS(AL:AL,AL11,AH:AH,"<"&AH11))),"UPCOMING") -> 46 | AN11: =IFERROR(IF(G11=0,"-",_xlfn.RANK.EQ(AL11,AL:AL,0)+(COUNTIFS(AL:AL,AL11,AI:AI,"<"&AI11))),"UPCOMING") -> 25 | AO11: =IFERROR(IF((AND(G11<>0, S11="MOTW")),AVERAGE(AH11,AK11),"-"),"UPCOMING") -> - | AP11: =IFERROR(IF(AND(G11<>0, S11="MOTW"), _xlfn.RANK.EQ(AO11, AO:AO, 1) + COUNTIFS(AO:AO, AO11, AH:AH, "<" & AH11), "UPCOMING"), "-") -> UPCOMING | AQ11: =_xlfn.RANK.EQ(L11,$L$2:$L$70,1)+COUNTIFS($L$2:$L$70,L11,$AM$2:$AM$70,"<"&AM11) -> 30 | AR11: =IFERROR(IF(AND(G11<>0, U11="UPSET"), L11,"NO UPSET"),"-") -> 11.707107 | AS11: =IFERROR(IF(AL11="NO UPSET","-",_xlfn.RANK.EQ(AR11,$AR$2:$AR$70,0)+COUNTIFS($AR$2:$AR$70,AR11,$AL$2:$AL$70,"<"&AL11)),"-") -> 20 | AV11: 1 | AW11: =INDEX($AL:$AL, MATCH(AV11,$AM:$AM,0)) -> 6.5 | AX11: =Settings!$R$3 -> 2025 | AY11: =INDEX($B:$B, MATCH(AV11,$AM:$AM,0)) -> WEEK 3 | AZ11: =INDEX($N:$N, MATCH(AV11,$AM:$AM,0)) -> POPEYES | BA11: =INDEX($O:$O, MATCH(AV11,$AM:$AM,0)) -> MUTTS | BB11: {=Settings!$R$3 & " REG, PVE FFL GAME " & INDEX($A:$A, MATCH(AV11,$AM:$AM,0))} -> 2025 REG, PVE FFL GAME 12 | BC11: =INDEX($Q:$Q, MATCH(AV11,$AM:$AM,0)) -> 10.51 | BD11: =INDEX($R:$R, MATCH(AV11,$AM:$AM,0)) -> 381.93 | BE11: =INDEX($S:$S, MATCH(AV11,$AM:$AM,0)) -> MOTW | BG11: =_xlfn.RANK.EQ(BK11, $BK$2:$BK$10, 0) -> 6 | BH11: =Settings!A11 -> EAGLES | BI11: =COUNTIFS('Weekly Scores'!$N$2:$N$71, $BH11, 'Weekly Scores'!$G$2:$G$71, "<>", 'Weekly Scores'!$H$2:$H$71, "<>") -> 6 | BJ11: {=(SUMPRODUCT(((($F$1:$F$71=BH11)*($G$1:$G$71<$H$1:$H$71))+(($I$1:$I$71=BH11)*($H$1:$H$71<$G$1:$G$71)))*($G$1:$H$71<>"")))/2} -> 8 | BK11: =IFERROR(BI11 / (BI11 + BJ11),0) -> 0.42857143 | BL11: =VLOOKUP(BH11, Settings!A11:C18, 3, FALSE) -> ESTEEMED | BM11: =COUNTIFS($E$2:$E$71,BL11,$J$2:$J$71,BL11,$N$2:$N$71,BH11,'Weekly Scores'!$G$2:$G$71, "<>") -> 4 | BN11: =ABS(COUNTIFS($E$2:$E$71,BL11,$J$2:$J$71,BL11,$F$2:$F$71,BH11,'Weekly Scores'!$G$2:$G$71, "<>0")+COUNTIFS($E$2:$E$71,BL11,$J$2:$J$71,BL11,$I$2:$I$71,BH11,'Weekly Scores'!$G$2:$G$71, "<>0")-BM11) -> 4 | BO11: =IFERROR(BM11 / (BM11 + BN11),0) -> 0.5 | BP11: =COUNTIFS($N$2:$N$71,$BH11,$S$2:$S$71,"MOTW",'Weekly Scores'!$G$2:$G$71, "<>") -> 1 | BQ11: =COUNTIFS($O$2:$O$71,$BH11,$S$2:$S$71,"MOTW",'Weekly Scores'!$G$2:$G$71, "<>") -> 0 | BR11: =IFERROR(BP11 / (BP11 + BQ11),0) -> 1 | BS11: =BP11+BQ11 -> 1 | BT11: =_xlfn.RANK.EQ(BS11,$BS$2:$BS$11,0)+COUNTIFS($BS$2:$BS$11,BS11,$BR$2:$BR$11,">"&BR11) -> 8 | BU11: =COUNTIFS($N$2:$N$71,$BH11,$U$2:$U$71,"UPSET",'Weekly Scores'!$G$2:$G$71, "<>") -> 5 | BW11: =COUNTIFS($N$2:$N$71,$BH11,$P$2:$P$71,"YES",'Weekly Scores'!$G$2:$G$71, "<>") -> 2 | BX11: =COUNTIFS('Weekly Scores'!$N$2:$N$71, $BH11, 'Weekly Scores'!$G$2:$G$71, "<>", 'Weekly Scores'!$H$2:$H$71, "<>", $F$2:$F$71, $BH11) -> 3 | BY11: =(COUNTIFS('Weekly Scores'!$F$2:$F$71, $BH11, 'Weekly Scores'!$G$2:$G$71, "<>0", 'Weekly Scores'!$H$2:$H$71,"<>0"))-BX11 -> 4 | BZ11: =IFERROR(BX11 / (BX11 + BY11),0) -> 0.42857143 | CA11: =COUNTIFS('Weekly Scores'!$N$2:$N$71, $BH11, 'Weekly Scores'!$G$2:$G$71, "<>", 'Weekly Scores'!$H$2:$H$71, "<>", $I$2:$I$71, $BH11) -> 3 | CB11: =(COUNTIFS('Weekly Scores'!$I$2:$I$71, $BH11, 'Weekly Scores'!$G$2:$G$71, "<>0", 'Weekly Scores'!$H$2:$H$71,"<>0"))-CA11 -> 4 | CC11: =IFERROR(CA11 / (CA11 + CB11),0) -> 0.42857143 | CE11: =IF(AND(CF11=0, CG11=0), 0, (CF11+CG11)/IF(CF11=0, 1, IF(CG11=0, 1, 2))) -> 15.340682 | CF11: =IFERROR(AVERAGEIFS(L:L,I:I,BH11),0) -> 16.459029 | CG11: =IFERROR(AVERAGEIFS(L:L,F:F,BH11),0) -> 14.222336 | CH11: =RANK(CE11,CE$2:CE$11,1) -> 10
A12: 11 | B12: {=INDEX(Settings!H$2:H$72, ROW())} -> WEEK 3 | C12: {=INDEX(Settings!I$2:I$72, ROW())} -> GAME 1 | D12: {=INDEX('BACKEND 1'!$V$28:$AK$38, MATCH(F12, 'BACKEND 1'!$V$28:$V$38, 0), MATCH(B12, 'BACKEND 1'!$V$28:$AK$28, 0))} -> 9 | E12: =VLOOKUP(F12, Settings!$A$3:$C$12, 3, FALSE) -> ESTEEMED | F12: {=INDEX(Settings!J$2:J$72, ROW())} -> METAMOOKDAWGS | G12: =SUMIFS('All-Stars'!E:E, 'All-Stars'!B:B, F12, 'All-Stars'!F:F, B12) -> 230.16 | H12: =SUMIFS('All-Stars'!E:E, 'All-Stars'!B:B, I12, 'All-Stars'!F:F, B12) -> 167.91 | I12: {=INDEX(Settings!K$2:K$72, ROW())} -> KINGS | J12: =VLOOKUP(I12, Settings!$A$3:$C$12, 3, FALSE) -> PRODIGY | K12: {=INDEX('BACKEND 1'!$V$28:$AK$38, MATCH(I12, 'BACKEND 1'!$V$28:$V$38, 0), MATCH(B12, 'BACKEND 1'!$V$28:$AK$28, 0))} -> 7 | L12: {=IFERROR(IF(D12=0,"-",INDEX('BACKEND 1'!$V$54:$AF$64, MATCH(D12, 'BACKEND 1'!$V$54:$V$64, 0), MATCH(K12, 'BACKEND 1'!$V$54:$AF$54, 0))),"-")} -> 12.414214 | M12: =_xlfn.RANK.EQ(L12,L12:L16,1) -> 4 | N12: =IF(G12 > H12, F12, IF(H12 > G12, I12, "Tie")) -> METAMOOKDAWGS | O12: =IF(G12 < H12, F12, IF(H12 < G12, I12, "Tie")) -> KINGS | P12: =IF(G12=0,"",IF(Q12 > 40, "YES", "")) -> YES | Q12: =IF(G12=0,"-",ABS(G12 - H12)) -> 62.25 | R12: =IF(G12=0,"-",G12 + H12) -> 398.07 | S12: =IF(AND(L12 <> 0, L12 = MINIFS(L$2:L$72, B$2:B$72, B12)), "MOTW", "") | U12: =IF(OR(AND(K12>D12,H12>G12),AND(D12>K12, G12>H12)), "UPSET", "") -> UPSET | V12: 3 | W12: =IF(OR(N12=F12,N12=H12),1,0) -> 1 | X12: =IF(OR(N12="POPEYES"), IF(ROW()=2,1,IF(N11="POPEYES",X11+1,1)), 0) -> 0 | AH12: =IFERROR(IF(G12=0,"-",_xlfn.RANK.EQ(Q12,$Q:$Q,1)+(COUNTIFS(Q:Q, Q12, G:G, ">" & G12))),"ERROR") -> 62 | AI12: =IFERROR(IF(G12=0,"-",_xlfn.RANK.EQ(Q12,$Q:$Q,0)+(COUNTIFS(Q:Q, Q12, AK:AK, "<" & AK12))),"ERROR") -> 9 | AJ12: =IFERROR(IF(G12=0,"-",_xlfn.RANK.EQ(R12,$R:$R,1)+(COUNTIFS(R:R, R12, AH:AH, "<" & AH12))),"ERROR") -> 69 | AK12: =IFERROR(IF(G12=0,"-",_xlfn.RANK.EQ(R12,$R:$R,0)+(COUNTIFS(R:R, R12, AH:AH, "<" & AH12))),"ERROR") -> 2 | AL12: =IFERROR(IF(G12=0,"-",AVERAGE(AH12,AK12)),"UPCOMING") -> 32 | AM12: =IFERROR(IF(G12=0,"-",_xlfn.RANK.EQ(AL12,AL:AL,1)+(COUNTIFS(AL:AL,AL12,AH:AH,"<"&AH12))),"UPCOMING") -> 30 | AN12: =IFERROR(IF(G12=0,"-",_xlfn.RANK.EQ(AL12,AL:AL,0)+(COUNTIFS(AL:AL,AL12,AI:AI,"<"&AI12))),"UPCOMING") -> 41 | AO12: =IFERROR(IF((AND(G12<>0, S12="MOTW")),AVERAGE(AH12,AK12),"-"),"UPCOMING") -> - | AP12: =IFERROR(IF(AND(G12<>0, S12="MOTW"), _xlfn.RANK.EQ(AO12, AO:AO, 1) + COUNTIFS(AO:AO, AO12, AH:AH, "<" & AH12), "UPCOMING"), "-") -> UPCOMING | AQ12: =_xlfn.RANK.EQ(L12,$L$2:$L$70,1)+COUNTIFS($L$2:$L$70,L12,$AM$2:$AM$70,"<"&AM12) -> 38 | AR12: =IFERROR(IF(AND(G12<>0, U12="UPSET"), L12,"NO UPSET"),"-") -> 12.414214 | AS12: =IFERROR(IF(AL12="NO UPSET","-",_xlfn.RANK.EQ(AR12,$AR$2:$AR$70,0)+COUNTIFS($AR$2:$AR$70,AR12,$AL$2:$AL$70,"<"&AL12)),"-") -> 15 | AV12: 2 | AW12: =INDEX($AL:$AL, MATCH(AV12,$AM:$AM,0)) -> 9.5 | AX12: =Settings!$R$3 -> 2025 | AY12: =INDEX($B:$B, MATCH(AV12,$AM:$AM,0)) -> WEEK 4 | AZ12: =INDEX($N:$N, MATCH(AV12,$AM:$AM,0)) -> GREEN | BA12: =INDEX($O:$O, MATCH(AV12,$AM:$AM,0)) -> EAGLES | BB12: {=Settings!$R$3 & " REG, PVE FFL GAME " & INDEX($A:$A, MATCH(AV12,$AM:$AM,0))} -> 2025 REG, PVE FFL GAME 19 | BC12: =INDEX($Q:$Q, MATCH(AV12,$AM:$AM,0)) -> 10.96 | BD12: =INDEX($R:$R, MATCH(AV12,$AM:$AM,0)) -> 378.32 | BE12: =INDEX($S:$S, MATCH(AV12,$AM:$AM,0))
A13: 12 | B13: {=INDEX(Settings!H$2:H$72, ROW())} -> WEEK 3 | C13: {=INDEX(Settings!I$2:I$72, ROW())} -> GAME 2 | D13: {=INDEX('BACKEND 1'!$V$28:$AK$38, MATCH(F13, 'BACKEND 1'!$V$28:$V$38, 0), MATCH(B13, 'BACKEND 1'!$V$28:$AK$28, 0))} -> 1 | E13: =VLOOKUP(F13, Settings!$A$3:$C$12, 3, FALSE) -> ESTEEMED | F13: {=INDEX(Settings!J$2:J$72, ROW())} -> MUTTS | G13: =SUMIFS('All-Stars'!E:E, 'All-Stars'!B:B, F13, 'All-Stars'!F:F, B13) -> 185.71 | H13: =SUMIFS('All-Stars'!E:E, 'All-Stars'!B:B, I13, 'All-Stars'!F:F, B13) -> 196.22 | I13: {=INDEX(Settings!K$2:K$72, ROW())} -> POPEYES | J13: =VLOOKUP(I13, Settings!$A$3:$C$12, 3, FALSE) -> PRODIGY | K13: {=INDEX('BACKEND 1'!$V$28:$AK$38, MATCH(I13, 'BACKEND 1'!$V$28:$V$38, 0), MATCH(B13, 'BACKEND 1'!$V$28:$AK$28, 0))} -> 4 | L13: {=IFERROR(IF(D13=0,"-",INDEX('BACKEND 1'!$V$54:$AF$64, MATCH(D13, 'BACKEND 1'!$V$54:$V$64, 0), MATCH(K13, 'BACKEND 1'!$V$54:$AF$54, 0))),"-")} -> 9.1213203 | M13: =_xlfn.RANK.EQ(L13,L12:L16,1) -> 1 | N13: =IF(G13 > H13, F13, IF(H13 > G13, I13, "Tie")) -> POPEYES | O13: =IF(G13 < H13, F13, IF(H13 < G13, I13, "Tie")) -> MUTTS | P13: =IF(G13=0,"",IF(Q13 > 40, "YES", "")) | Q13: =IF(G13=0,"-",ABS(G13 - H13)) -> 10.51 | R13: =IF(G13=0,"-",G13 + H13) -> 381.93 | S13: =IF(AND(L13 <> 0, L13 = MINIFS(L$2:L$72, B$2:B$72, B13)), "MOTW", "") -> MOTW | U13: =IF(OR(AND(K13>D13,H13>G13),AND(D13>K13, G13>H13)), "UPSET", "") -> UPSET | V13: 3 | W13: =IF(OR(N13=F13,N13=H13),1,0) -> 0 | X13: =IF(OR(N13="POPEYES"), IF(ROW()=2,1,IF(N12="POPEYES",X12+1,1)), 0) -> 1 | AH13: =IFERROR(IF(G13=0,"-",_xlfn.RANK.EQ(Q13,$Q:$Q,1)+(COUNTIFS(Q:Q, Q13, G:G, ">" & G13))),"ERROR") -> 8 | AI13: =IFERROR(IF(G13=0,"-",_xlfn.RANK.EQ(Q13,$Q:$Q,0)+(COUNTIFS(Q:Q, Q13, AK:AK, "<" & AK13))),"ERROR") -> 63 | AJ13: =IFERROR(IF(G13=0,"-",_xlfn.RANK.EQ(R13,$R:$R,1)+(COUNTIFS(R:R, R13, AH:AH, "<" & AH13))),"ERROR") -> 66 | AK13: =IFERROR(IF(G13=0,"-",_xlfn.RANK.EQ(R13,$R:$R,0)+(COUNTIFS(R:R, R13, AH:AH, "<" & AH13))),"ERROR") -> 5 | AL13: =IFERROR(IF(G13=0,"-",AVERAGE(AH13,AK13)),"UPCOMING") -> 6.5 | AM13: =IFERROR(IF(G13=0,"-",_xlfn.RANK.EQ(AL13,AL:AL,1)+(COUNTIFS(AL:AL,AL13,AH:AH,"<"&AH13))),"UPCOMING") -> 1 | AN13: =IFERROR(IF(G13=0,"-",_xlfn.RANK.EQ(AL13,AL:AL,0)+(COUNTIFS(AL:AL,AL13,AI:AI,"<"&AI13))),"UPCOMING") -> 70 | AO13: =IFERROR(IF((AND(G13<>0, S13="MOTW")),AVERAGE(AH13,AK13),"-"),"UPCOMING") -> 6.5 | AP13: =IFERROR(IF(AND(G13<>0, S13="MOTW"), _xlfn.RANK.EQ(AO13, AO:AO, 1) + COUNTIFS(AO:AO, AO13, AH:AH, "<" & AH13), "UPCOMING"), "-") -> 1 | AQ13: =_xlfn.RANK.EQ(L13,$L$2:$L$70,1)+COUNTIFS($L$2:$L$70,L13,$AM$2:$AM$70,"<"&AM13) -> 15 | AR13: =IFERROR(IF(AND(G13<>0, U13="UPSET"), L13,"NO UPSET"),"-") -> 9.1213203 | AS13: =IFERROR(IF(AL13="NO UPSET","-",_xlfn.RANK.EQ(AR13,$AR$2:$AR$70,0)+COUNTIFS($AR$2:$AR$70,AR13,$AL$2:$AL$70,"<"&AL13)),"-") -> 25 | AV13: 3 | AW13: =INDEX($AL:$AL, MATCH(AV13,$AM:$AM,0)) -> 12.5 | AX13: =Settings!$R$3 -> 2025 | AY13: =INDEX($B:$B, MATCH(AV13,$AM:$AM,0)) -> WEEK 14 | AZ13: =INDEX($N:$N, MATCH(AV13,$AM:$AM,0)) -> EAGLES | BA13: =INDEX($O:$O, MATCH(AV13,$AM:$AM,0)) -> METAMOOKDAWGS | BB13: {=Settings!$R$3 & " REG, PVE FFL GAME " & INDEX($A:$A, MATCH(AV13,$AM:$AM,0))} -> 2025 REG, PVE FFL GAME 70 | BC13: =INDEX($Q:$Q, MATCH(AV13,$AM:$AM,0)) -> 11.88 | BD13: =INDEX($R:$R, MATCH(AV13,$AM:$AM,0)) -> 359.48 | BE13: =INDEX($S:$S, MATCH(AV13,$AM:$AM,0))
A14: 13 | B14: {=INDEX(Settings!H$2:H$72, ROW())} -> WEEK 3 | C14: {=INDEX(Settings!I$2:I$72, ROW())} -> GAME 3 | D14: {=INDEX('BACKEND 1'!$V$28:$AK$38, MATCH(F14, 'BACKEND 1'!$V$28:$V$38, 0), MATCH(B14, 'BACKEND 1'!$V$28:$AK$28, 0))} -> 5 | E14: =VLOOKUP(F14, Settings!$A$3:$C$12, 3, FALSE) -> ESTEEMED | F14: {=INDEX(Settings!J$2:J$72, ROW())} -> CHAMPS | G14: =SUMIFS('All-Stars'!E:E, 'All-Stars'!B:B, F14, 'All-Stars'!F:F, B14) -> 232.94 | H14: =SUMIFS('All-Stars'!E:E, 'All-Stars'!B:B, I14, 'All-Stars'!F:F, B14) -> 96.07 | I14: {=INDEX(Settings!K$2:K$72, ROW())} -> DECOUPES | J14: =VLOOKUP(I14, Settings!$A$3:$C$12, 3, FALSE) -> PRODIGY | K14: {=INDEX('BACKEND 1'!$V$28:$AK$38, MATCH(I14, 'BACKEND 1'!$V$28:$V$38, 0), MATCH(B14, 'BACKEND 1'!$V$28:$AK$28, 0))} -> 2 | L14: {=IFERROR(IF(D14=0,"-",INDEX('BACKEND 1'!$V$54:$AF$64, MATCH(D14, 'BACKEND 1'!$V$54:$V$64, 0), MATCH(K14, 'BACKEND 1'!$V$54:$AF$54, 0))),"-")} -> 10.12132 | M14: =_xlfn.RANK.EQ(L14,L12:L16,1) -> 2 | N14: =IF(G14 > H14, F14, IF(H14 > G14, I14, "Tie")) -> CHAMPS | O14: =IF(G14 < H14, F14, IF(H14 < G14, I14, "Tie")) -> DECOUPES | P14: =IF(G14=0,"",IF(Q14 > 40, "YES", "")) -> YES | Q14: =IF(G14=0,"-",ABS(G14 - H14)) -> 136.87 | R14: =IF(G14=0,"-",G14 + H14) -> 329.01 | S14: =IF(AND(L14 <> 0, L14 = MINIFS(L$2:L$72, B$2:B$72, B14)), "MOTW", "") | U14: =IF(OR(AND(K14>D14,H14>G14),AND(D14>K14, G14>H14)), "UPSET", "") -> UPSET | V14: 3 | W14: =IF(OR(N14=F14,N14=H14),1,0) -> 1 | X14: =IF(OR(N14="POPEYES"), IF(ROW()=2,1,IF(N13="POPEYES",X13+1,1)), 0) -> 0 | AH14: =IFERROR(IF(G14=0,"-",_xlfn.RANK.EQ(Q14,$Q:$Q,1)+(COUNTIFS(Q:Q, Q14, G:G, ">" & G14))),"ERROR") -> 70 | AI14: =IFERROR(IF(G14=0,"-",_xlfn.RANK.EQ(Q14,$Q:$Q,0)+(COUNTIFS(Q:Q, Q14, AK:AK, "<" & AK14))),"ERROR") -> 1 | AJ14: =IFERROR(IF(G14=0,"-",_xlfn.RANK.EQ(R14,$R:$R,1)+(COUNTIFS(R:R, R14, AH:AH, "<" & AH14))),"ERROR") -> 41 | AK14: =IFERROR(IF(G14=0,"-",_xlfn.RANK.EQ(R14,$R:$R,0)+(COUNTIFS(R:R, R14, AH:AH, "<" & AH14))),"ERROR") -> 30 | AL14: =IFERROR(IF(G14=0,"-",AVERAGE(AH14,AK14)),"UPCOMING") -> 50 | AM14: =IFERROR(IF(G14=0,"-",_xlfn.RANK.EQ(AL14,AL:AL,1)+(COUNTIFS(AL:AL,AL14,AH:AH,"<"&AH14))),"UPCOMING") -> 61 | AN14: =IFERROR(IF(G14=0,"-",_xlfn.RANK.EQ(AL14,AL:AL,0)+(COUNTIFS(AL:AL,AL14,AI:AI,"<"&AI14))),"UPCOMING") -> 10 | AO14: =IFERROR(IF((AND(G14<>0, S14="MOTW")),AVERAGE(AH14,AK14),"-"),"UPCOMING") -> - | AP14: =IFERROR(IF(AND(G14<>0, S14="MOTW"), _xlfn.RANK.EQ(AO14, AO:AO, 1) + COUNTIFS(AO:AO, AO14, AH:AH, "<" & AH14), "UPCOMING"), "-") -> UPCOMING | AQ14: =_xlfn.RANK.EQ(L14,$L$2:$L$70,1)+COUNTIFS($L$2:$L$70,L14,$AM$2:$AM$70,"<"&AM14) -> 21 | AR14: =IFERROR(IF(AND(G14<>0, U14="UPSET"), L14,"NO UPSET"),"-") -> 10.12132 | AS14: =IFERROR(IF(AL14="NO UPSET","-",_xlfn.RANK.EQ(AR14,$AR$2:$AR$70,0)+COUNTIFS($AR$2:$AR$70,AR14,$AL$2:$AL$70,"<"&AL14)),"-") -> 23 | AV14: 4 | AW14: =INDEX($AL:$AL, MATCH(AV14,$AM:$AM,0)) -> 14.5 | AX14: =Settings!$R$3 -> 2025 | AY14: =INDEX($B:$B, MATCH(AV14,$AM:$AM,0)) -> WEEK 10 | AZ14: =INDEX($N:$N, MATCH(AV14,$AM:$AM,0)) -> POPEYES | BA14: =INDEX($O:$O, MATCH(AV14,$AM:$AM,0)) -> YARDIES | BB14: {=Settings!$R$3 & " REG, PVE FFL GAME " & INDEX($A:$A, MATCH(AV14,$AM:$AM,0))} -> 2025 REG, PVE FFL GAME 47 | BC14: =INDEX($Q:$Q, MATCH(AV14,$AM:$AM,0)) -> 24.14 | BD14: =INDEX($R:$R, MATCH(AV14,$AM:$AM,0)) -> 380.12 | BE14: =INDEX($S:$S, MATCH(AV14,$AM:$AM,0)) -> MOTW
A15: 14 | B15: {=INDEX(Settings!H$2:H$72, ROW())} -> WEEK 3 | C15: {=INDEX(Settings!I$2:I$72, ROW())} -> GAME 4 | D15: {=INDEX('BACKEND 1'!$V$28:$AK$38, MATCH(F15, 'BACKEND 1'!$V$28:$V$38, 0), MATCH(B15, 'BACKEND 1'!$V$28:$AK$28, 0))} -> 10 | E15: =VLOOKUP(F15, Settings!$A$3:$C$12, 3, FALSE) -> PRODIGY | F15: {=INDEX(Settings!J$2:J$72, ROW())} -> GREEN | G15: =SUMIFS('All-Stars'!E:E, 'All-Stars'!B:B, F15, 'All-Stars'!F:F, B15) -> 204.24 | H15: =SUMIFS('All-Stars'!E:E, 'All-Stars'!B:B, I15, 'All-Stars'!F:F, B15) -> 107.2 | I15: {=INDEX(Settings!K$2:K$72, ROW())} -> YARDIES | J15: =VLOOKUP(I15, Settings!$A$3:$C$12, 3, FALSE) -> ESTEEMED | K15: {=INDEX('BACKEND 1'!$V$28:$AK$38, MATCH(I15, 'BACKEND 1'!$V$28:$V$38, 0), MATCH(B15, 'BACKEND 1'!$V$28:$AK$28, 0))} -> 3 | L15: {=IFERROR(IF(D15=0,"-",INDEX('BACKEND 1'!$V$54:$AF$64, MATCH(D15, 'BACKEND 1'!$V$54:$V$64, 0), MATCH(K15, 'BACKEND 1'!$V$54:$AF$54, 0))),"-")} -> 21.949747 | M15: =_xlfn.RANK.EQ(L15,L12:L16,1) -> 5 | N15: =IF(G15 > H15, F15, IF(H15 > G15, I15, "Tie")) -> GREEN | O15: =IF(G15 < H15, F15, IF(H15 < G15, I15, "Tie")) -> YARDIES | P15: =IF(G15=0,"",IF(Q15 > 40, "YES", "")) -> YES | Q15: =IF(G15=0,"-",ABS(G15 - H15)) -> 97.04 | R15: =IF(G15=0,"-",G15 + H15) -> 311.44 | S15: =IF(AND(L15 <> 0, L15 = MINIFS(L$2:L$72, B$2:B$72, B15)), "MOTW", "") | U15: =IF(OR(AND(K15>D15,H15>G15),AND(D15>K15, G15>H15)), "UPSET", "") -> UPSET | V15: 3 | W15: =IF(OR(N15=F15,N15=H15),1,0) -> 1 | X15: =IF(OR(N15="POPEYES"), IF(ROW()=2,1,IF(N14="POPEYES",X14+1,1)), 0) -> 0 | AH15: =IFERROR(IF(G15=0,"-",_xlfn.RANK.EQ(Q15,$Q:$Q,1)+(COUNTIFS(Q:Q, Q15, G:G, ">" & G15))),"ERROR") -> 69 | AI15: =IFERROR(IF(G15=0,"-",_xlfn.RANK.EQ(Q15,$Q:$Q,0)+(COUNTIFS(Q:Q, Q15, AK:AK, "<" & AK15))),"ERROR") -> 2 | AJ15: =IFERROR(IF(G15=0,"-",_xlfn.RANK.EQ(R15,$R:$R,1)+(COUNTIFS(R:R, R15, AH:AH, "<" & AH15))),"ERROR") -> 30 | AK15: =IFERROR(IF(G15=0,"-",_xlfn.RANK.EQ(R15,$R:$R,0)+(COUNTIFS(R:R, R15, AH:AH, "<" & AH15))),"ERROR") -> 41 | AL15: =IFERROR(IF(G15=0,"-",AVERAGE(AH15,AK15)),"UPCOMING") -> 55 | AM15: =IFERROR(IF(G15=0,"-",_xlfn.RANK.EQ(AL15,AL:AL,1)+(COUNTIFS(AL:AL,AL15,AH:AH,"<"&AH15))),"UPCOMING") -> 66 | AN15: =IFERROR(IF(G15=0,"-",_xlfn.RANK.EQ(AL15,AL:AL,0)+(COUNTIFS(AL:AL,AL15,AI:AI,"<"&AI15))),"UPCOMING") -> 5 | AO15: =IFERROR(IF((AND(G15<>0, S15="MOTW")),AVERAGE(AH15,AK15),"-"),"UPCOMING") -> - | AP15: =IFERROR(IF(AND(G15<>0, S15="MOTW"), _xlfn.RANK.EQ(AO15, AO:AO, 1) + COUNTIFS(AO:AO, AO15, AH:AH, "<" & AH15), "UPCOMING"), "-") -> UPCOMING | AQ15: =_xlfn.RANK.EQ(L15,$L$2:$L$70,1)+COUNTIFS($L$2:$L$70,L15,$AM$2:$AM$70,"<"&AM15) -> 67 | AR15: =IFERROR(IF(AND(G15<>0, U15="UPSET"), L15,"NO UPSET"),"-") -> 21.949747 | AS15: =IFERROR(IF(AL15="NO UPSET","-",_xlfn.RANK.EQ(AR15,$AR$2:$AR$70,0)+COUNTIFS($AR$2:$AR$70,AR15,$AL$2:$AL$70,"<"&AL15)),"-") -> 3 | AV15: 5 | AW15: =INDEX($AL:$AL, MATCH(AV15,$AM:$AM,0)) -> 15.5 | AX15: =Settings!$R$3 -> 2025 | AY15: =INDEX($B:$B, MATCH(AV15,$AM:$AM,0)) -> WEEK 5 | AZ15: =INDEX($N:$N, MATCH(AV15,$AM:$AM,0)) -> GREEN | BA15: =INDEX($O:$O, MATCH(AV15,$AM:$AM,0)) -> CHAMPS | BB15: {=Settings!$R$3 & " REG, PVE FFL GAME " & INDEX($A:$A, MATCH(AV15,$AM:$AM,0))} -> 2025 REG, PVE FFL GAME 25 | BC15: =INDEX($Q:$Q, MATCH(AV15,$AM:$AM,0)) -> 2.3 | BD15: =INDEX($R:$R, MATCH(AV15,$AM:$AM,0)) -> 332.02 | BE15: =INDEX($S:$S, MATCH(AV15,$AM:$AM,0)) -> MOTW
A16: 15 | B16: {=INDEX(Settings!H$2:H$72, ROW())} -> WEEK 3 | C16: {=INDEX(Settings!I$2:I$72, ROW())} -> GAME 5 | D16: {=INDEX('BACKEND 1'!$V$28:$AK$38, MATCH(F16, 'BACKEND 1'!$V$28:$V$38, 0), MATCH(B16, 'BACKEND 1'!$V$28:$AK$28, 0))} -> 6 | E16: =VLOOKUP(F16, Settings!$A$3:$C$12, 3, FALSE) -> PRODIGY | F16: {=INDEX(Settings!J$2:J$72, ROW())} -> SAVAGES | G16: =SUMIFS('All-Stars'!E:E, 'All-Stars'!B:B, F16, 'All-Stars'!F:F, B16) -> 147.28 | H16: =SUMIFS('All-Stars'!E:E, 'All-Stars'!B:B, I16, 'All-Stars'!F:F, B16) -> 135.25 | I16: {=INDEX(Settings!K$2:K$72, ROW())} -> EAGLES | J16: =VLOOKUP(I16, Settings!$A$3:$C$12, 3, FALSE) -> ESTEEMED | K16: {=INDEX('BACKEND 1'!$V$28:$AK$38, MATCH(I16, 'BACKEND 1'!$V$28:$V$38, 0), MATCH(B16, 'BACKEND 1'!$V$28:$AK$28, 0))} -> 8 | L16: {=IFERROR(IF(D16=0,"-",INDEX('BACKEND 1'!$V$54:$AF$64, MATCH(D16, 'BACKEND 1'!$V$54:$V$64, 0), MATCH(K16, 'BACKEND 1'!$V$54:$AF$54, 0))),"-")} -> 11.414214 | M16: =_xlfn.RANK.EQ(L16,L12:L16,1) -> 3 | N16: =IF(G16 > H16, F16, IF(H16 > G16, I16, "Tie")) -> SAVAGES | O16: =IF(G16 < H16, F16, IF(H16 < G16, I16, "Tie")) -> EAGLES | P16: =IF(G16=0,"",IF(Q16 > 40, "YES", "")) | Q16: =IF(G16=0,"-",ABS(G16 - H16)) -> 12.03 | R16: =IF(G16=0,"-",G16 + H16) -> 282.53 | S16: =IF(AND(L16 <> 0, L16 = MINIFS(L$2:L$72, B$2:B$72, B16)), "MOTW", "") | U16: =IF(OR(AND(K16>D16,H16>G16),AND(D16>K16, G16>H16)), "UPSET", "") | V16: 3 | W16: =IF(OR(N16=F16,N16=H16),1,0) -> 1 | X16: =IF(OR(N16="POPEYES"), IF(ROW()=2,1,IF(N15="POPEYES",X15+1,1)), 0) -> 0 | AH16: =IFERROR(IF(G16=0,"-",_xlfn.RANK.EQ(Q16,$Q:$Q,1)+(COUNTIFS(Q:Q, Q16, G:G, ">" & G16))),"ERROR") -> 11 | AI16: =IFERROR(IF(G16=0,"-",_xlfn.RANK.EQ(Q16,$Q:$Q,0)+(COUNTIFS(Q:Q, Q16, AK:AK, "<" & AK16))),"ERROR") -> 60 | AJ16: =IFERROR(IF(G16=0,"-",_xlfn.RANK.EQ(R16,$R:$R,1)+(COUNTIFS(R:R, R16, AH:AH, "<" & AH16))),"ERROR") -> 12 | AK16: =IFERROR(IF(G16=0,"-",_xlfn.RANK.EQ(R16,$R:$R,0)+(COUNTIFS(R:R, R16, AH:AH, "<" & AH16))),"ERROR") -> 59 | AL16: =IFERROR(IF(G16=0,"-",AVERAGE(AH16,AK16)),"UPCOMING") -> 35 | AM16: =IFERROR(IF(G16=0,"-",_xlfn.RANK.EQ(AL16,AL:AL,1)+(COUNTIFS(AL:AL,AL16,AH:AH,"<"&AH16))),"UPCOMING") -> 36 | AN16: =IFERROR(IF(G16=0,"-",_xlfn.RANK.EQ(AL16,AL:AL,0)+(COUNTIFS(AL:AL,AL16,AI:AI,"<"&AI16))),"UPCOMING") -> 35 | AO16: =IFERROR(IF((AND(G16<>0, S16="MOTW")),AVERAGE(AH16,AK16),"-"),"UPCOMING") -> - | AP16: =IFERROR(IF(AND(G16<>0, S16="MOTW"), _xlfn.RANK.EQ(AO16, AO:AO, 1) + COUNTIFS(AO:AO, AO16, AH:AH, "<" & AH16), "UPCOMING"), "-") -> UPCOMING | AQ16: =_xlfn.RANK.EQ(L16,$L$2:$L$70,1)+COUNTIFS($L$2:$L$70,L16,$AM$2:$AM$70,"<"&AM16) -> 26 | AR16: =IFERROR(IF(AND(G16<>0, U16="UPSET"), L16,"NO UPSET"),"-") -> NO UPSET | AS16: =IFERROR(IF(AL16="NO UPSET","-",_xlfn.RANK.EQ(AR16,$AR$2:$AR$70,0)+COUNTIFS($AR$2:$AR$70,AR16,$AL$2:$AL$70,"<"&AL16)),"-") -> -
A17: 16 | B17: {=INDEX(Settings!H$2:H$72, ROW())} -> WEEK 4 | C17: {=INDEX(Settings!I$2:I$72, ROW())} -> GAME 1 | D17: {=INDEX('BACKEND 1'!$V$28:$AK$38, MATCH(F17, 'BACKEND 1'!$V$28:$V$38, 0), MATCH(B17, 'BACKEND 1'!$V$28:$AK$28, 0))} -> 9 | E17: =VLOOKUP(F17, Settings!$A$3:$C$12, 3, FALSE) -> PRODIGY | F17: {=INDEX(Settings!J$2:J$72, ROW())} -> KINGS | G17: =SUMIFS('All-Stars'!E:E, 'All-Stars'!B:B, F17, 'All-Stars'!F:F, B17) -> 157.59 | H17: =SUMIFS('All-Stars'!E:E, 'All-Stars'!B:B, I17, 'All-Stars'!F:F, B17) -> 191.2 | I17: {=INDEX(Settings!K$2:K$72, ROW())} -> MUTTS | J17: =VLOOKUP(I17, Settings!$A$3:$C$12, 3, FALSE) -> ESTEEMED | K17: {=INDEX('BACKEND 1'!$V$28:$AK$38, MATCH(I17, 'BACKEND 1'!$V$28:$V$38, 0), MATCH(B17, 'BACKEND 1'!$V$28:$AK$28, 0))} -> 2 | L17: {=IFERROR(IF(D17=0,"-",INDEX('BACKEND 1'!$V$54:$AF$64, MATCH(D17, 'BACKEND 1'!$V$54:$V$64, 0), MATCH(K17, 'BACKEND 1'!$V$54:$AF$54, 0))),"-")} -> 20.949747 | M17: =_xlfn.RANK.EQ(L17,L17:L21,1) -> 5 | N17: =IF(G17 > H17, F17, IF(H17 > G17, I17, "Tie")) -> MUTTS | O17: =IF(G17 < H17, F17, IF(H17 < G17, I17, "Tie")) -> KINGS | P17: =IF(G17=0,"",IF(Q17 > 40, "YES", "")) | Q17: =IF(G17=0,"-",ABS(G17 - H17)) -> 33.61 | R17: =IF(G17=0,"-",G17 + H17) -> 348.79 | S17: =IF(AND(L17 <> 0, L17 = MINIFS(L$2:L$72, B$2:B$72, B17)), "MOTW", "") | U17: =IF(OR(AND(K17>D17,H17>G17),AND(D17>K17, G17>H17)), "UPSET", "") | V17: 4 | W17: =IF(OR(N17=F17,N17=H17),1,0) -> 0 | X17: =IF(OR(N17="POPEYES"), IF(ROW()=2,1,IF(N16="POPEYES",X16+1,1)), 0) -> 0 | AH17: =IFERROR(IF(G17=0,"-",_xlfn.RANK.EQ(Q17,$Q:$Q,1)+(COUNTIFS(Q:Q, Q17, G:G, ">" & G17))),"ERROR") -> 33 | AI17: =IFERROR(IF(G17=0,"-",_xlfn.RANK.EQ(Q17,$Q:$Q,0)+(COUNTIFS(Q:Q, Q17, AK:AK, "<" & AK17))),"ERROR") -> 38 | AJ17: =IFERROR(IF(G17=0,"-",_xlfn.RANK.EQ(R17,$R:$R,1)+(COUNTIFS(R:R, R17, AH:AH, "<" & AH17))),"ERROR") -> 53 | AK17: =IFERROR(IF(G17=0,"-",_xlfn.RANK.EQ(R17,$R:$R,0)+(COUNTIFS(R:R, R17, AH:AH, "<" & AH17))),"ERROR") -> 18 | AL17: =IFERROR(IF(G17=0,"-",AVERAGE(AH17,AK17)),"UPCOMING") -> 25.5 | AM17: =IFERROR(IF(G17=0,"-",_xlfn.RANK.EQ(AL17,AL:AL,1)+(COUNTIFS(AL:AL,AL17,AH:AH,"<"&AH17))),"UPCOMING") -> 17 | AN17: =IFERROR(IF(G17=0,"-",_xlfn.RANK.EQ(AL17,AL:AL,0)+(COUNTIFS(AL:AL,AL17,AI:AI,"<"&AI17))),"UPCOMING") -> 54 | AO17: =IFERROR(IF((AND(G17<>0, S17="MOTW")),AVERAGE(AH17,AK17),"-"),"UPCOMING") -> - | AP17: =IFERROR(IF(AND(G17<>0, S17="MOTW"), _xlfn.RANK.EQ(AO17, AO:AO, 1) + COUNTIFS(AO:AO, AO17, AH:AH, "<" & AH17), "UPCOMING"), "-") -> UPCOMING | AQ17: =_xlfn.RANK.EQ(L17,$L$2:$L$70,1)+COUNTIFS($L$2:$L$70,L17,$AM$2:$AM$70,"<"&AM17) -> 63 | AR17: =IFERROR(IF(AND(G17<>0, U17="UPSET"), L17,"NO UPSET"),"-") -> NO UPSET | AS17: =IFERROR(IF(AL17="NO UPSET","-",_xlfn.RANK.EQ(AR17,$AR$2:$AR$70,0)+COUNTIFS($AR$2:$AR$70,AR17,$AL$2:$AL$70,"<"&AL17)),"-") -> - | AV17: ="Top 5 Closest "& Settings!$R$3& " Regular Season Games - PVE FFL" -> Top 5 Closest 2025 Regular Season Games - PVE FFL
A18: 17 | B18: {=INDEX(Settings!H$2:H$72, ROW())} -> WEEK 4 | C18: {=INDEX(Settings!I$2:I$72, ROW())} -> GAME 2 | D18: {=INDEX('BACKEND 1'!$V$28:$AK$38, MATCH(F18, 'BACKEND 1'!$V$28:$V$38, 0), MATCH(B18, 'BACKEND 1'!$V$28:$AK$28, 0))} -> 1 | E18: =VLOOKUP(F18, Settings!$A$3:$C$12, 3, FALSE) -> PRODIGY | F18: {=INDEX(Settings!J$2:J$72, ROW())} -> POPEYES | G18: =SUMIFS('All-Stars'!E:E, 'All-Stars'!B:B, F18, 'All-Stars'!F:F, B18) -> 219.36 | H18: =SUMIFS('All-Stars'!E:E, 'All-Stars'!B:B, I18, 'All-Stars'!F:F, B18) -> 159.16 | I18: {=INDEX(Settings!K$2:K$72, ROW())} -> CHAMPS | J18: =VLOOKUP(I18, Settings!$A$3:$C$12, 3, FALSE) -> ESTEEMED | K18: {=INDEX('BACKEND 1'!$V$28:$AK$38, MATCH(I18, 'BACKEND 1'!$V$28:$V$38, 0), MATCH(B18, 'BACKEND 1'!$V$28:$AK$28, 0))} -> 5 | L18: {=IFERROR(IF(D18=0,"-",INDEX('BACKEND 1'!$V$54:$AF$64, MATCH(D18, 'BACKEND 1'!$V$54:$V$64, 0), MATCH(K18, 'BACKEND 1'!$V$54:$AF$54, 0))),"-")} -> 11.828427 | M18: =_xlfn.RANK.EQ(L18,L17:L21,1) -> 3 | N18: =IF(G18 > H18, F18, IF(H18 > G18, I18, "Tie")) -> POPEYES | O18: =IF(G18 < H18, F18, IF(H18 < G18, I18, "Tie")) -> CHAMPS | P18: =IF(G18=0,"",IF(Q18 > 40, "YES", "")) -> YES | Q18: =IF(G18=0,"-",ABS(G18 - H18)) -> 60.2 | R18: =IF(G18=0,"-",G18 + H18) -> 378.52 | S18: =IF(AND(L18 <> 0, L18 = MINIFS(L$2:L$72, B$2:B$72, B18)), "MOTW", "") | U18: =IF(OR(AND(K18>D18,H18>G18),AND(D18>K18, G18>H18)), "UPSET", "") | V18: 4 | W18: =IF(OR(N18=F18,N18=H18),1,0) -> 1 | X18: =IF(OR(N18="POPEYES"), IF(ROW()=2,1,IF(N17="POPEYES",X17+1,1)), 0) -> 1 | AH18: =IFERROR(IF(G18=0,"-",_xlfn.RANK.EQ(Q18,$Q:$Q,1)+(COUNTIFS(Q:Q, Q18, G:G, ">" & G18))),"ERROR") -> 58 | AI18: =IFERROR(IF(G18=0,"-",_xlfn.RANK.EQ(Q18,$Q:$Q,0)+(COUNTIFS(Q:Q, Q18, AK:AK, "<" & AK18))),"ERROR") -> 13 | AJ18: =IFERROR(IF(G18=0,"-",_xlfn.RANK.EQ(R18,$R:$R,1)+(COUNTIFS(R:R, R18, AH:AH, "<" & AH18))),"ERROR") -> 62 | AK18: =IFERROR(IF(G18=0,"-",_xlfn.RANK.EQ(R18,$R:$R,0)+(COUNTIFS(R:R, R18, AH:AH, "<" & AH18))),"ERROR") -> 9 | AL18: =IFERROR(IF(G18=0,"-",AVERAGE(AH18,AK18)),"UPCOMING") -> 33.5 | AM18: =IFERROR(IF(G18=0,"-",_xlfn.RANK.EQ(AL18,AL:AL,1)+(COUNTIFS(AL:AL,AL18,AH:AH,"<"&AH18))),"UPCOMING") -> 33 | AN18: =IFERROR(IF(G18=0,"-",_xlfn.RANK.EQ(AL18,AL:AL,0)+(COUNTIFS(AL:AL,AL18,AI:AI,"<"&AI18))),"UPCOMING") -> 38 | AO18: =IFERROR(IF((AND(G18<>0, S18="MOTW")),AVERAGE(AH18,AK18),"-"),"UPCOMING") -> - | AP18: =IFERROR(IF(AND(G18<>0, S18="MOTW"), _xlfn.RANK.EQ(AO18, AO:AO, 1) + COUNTIFS(AO:AO, AO18, AH:AH, "<" & AH18), "UPCOMING"), "-") -> UPCOMING | AQ18: =_xlfn.RANK.EQ(L18,$L$2:$L$70,1)+COUNTIFS($L$2:$L$70,L18,$AM$2:$AM$70,"<"&AM18) -> 33 | AR18: =IFERROR(IF(AND(G18<>0, U18="UPSET"), L18,"NO UPSET"),"-") -> NO UPSET | AS18: =IFERROR(IF(AL18="NO UPSET","-",_xlfn.RANK.EQ(AR18,$AR$2:$AR$70,0)+COUNTIFS($AR$2:$AR$70,AR18,$AL$2:$AL$70,"<"&AL18)),"-") -> - | AV18: Top 5 | AW18: Score Gap | AX18: Year | AY18: Week | AZ18: Winner | BA18: Opposing Team | BB18: Game Ref # | BC18: MOTW
A19: 18 | B19: {=INDEX(Settings!H$2:H$72, ROW())} -> WEEK 4 | C19: {=INDEX(Settings!I$2:I$72, ROW())} -> GAME 3 | D19: {=INDEX('BACKEND 1'!$V$28:$AK$38, MATCH(F19, 'BACKEND 1'!$V$28:$V$38, 0), MATCH(B19, 'BACKEND 1'!$V$28:$AK$28, 0))} -> 4 | E19: =VLOOKUP(F19, Settings!$A$3:$C$12, 3, FALSE) -> ESTEEMED | F19: {=INDEX(Settings!J$2:J$72, ROW())} -> YARDIES | G19: =SUMIFS('All-Stars'!E:E, 'All-Stars'!B:B, F19, 'All-Stars'!F:F, B19) -> 169.98 | H19: =SUMIFS('All-Stars'!E:E, 'All-Stars'!B:B, I19, 'All-Stars'!F:F, B19) -> 137.07 | I19: {=INDEX(Settings!K$2:K$72, ROW())} -> DECOUPES | J19: =VLOOKUP(I19, Settings!$A$3:$C$12, 3, FALSE) -> PRODIGY | K19: {=INDEX('BACKEND 1'!$V$28:$AK$38, MATCH(I19, 'BACKEND 1'!$V$28:$V$38, 0), MATCH(B19, 'BACKEND 1'!$V$28:$AK$28, 0))} -> 3 | L19: {=IFERROR(IF(D19=0,"-",INDEX('BACKEND 1'!$V$54:$AF$64, MATCH(D19, 'BACKEND 1'!$V$54:$V$64, 0), MATCH(K19, 'BACKEND 1'!$V$54:$AF$54, 0))),"-")} -> 5.7071068 | M19: =_xlfn.RANK.EQ(L19,L17:L21,1) -> 1 | N19: =IF(G19 > H19, F19, IF(H19 > G19, I19, "Tie")) -> YARDIES | O19: =IF(G19 < H19, F19, IF(H19 < G19, I19, "Tie")) -> DECOUPES | P19: =IF(G19=0,"",IF(Q19 > 40, "YES", "")) | Q19: =IF(G19=0,"-",ABS(G19 - H19)) -> 32.91 | R19: =IF(G19=0,"-",G19 + H19) -> 307.05 | S19: =IF(AND(L19 <> 0, L19 = MINIFS(L$2:L$72, B$2:B$72, B19)), "MOTW", "") -> MOTW | U19: =IF(OR(AND(K19>D19,H19>G19),AND(D19>K19, G19>H19)), "UPSET", "") -> UPSET | V19: 4 | W19: =IF(OR(N19=F19,N19=H19),1,0) -> 1 | X19: =IF(OR(N19="POPEYES"), IF(ROW()=2,1,IF(N18="POPEYES",X18+1,1)), 0) -> 0 | AH19: =IFERROR(IF(G19=0,"-",_xlfn.RANK.EQ(Q19,$Q:$Q,1)+(COUNTIFS(Q:Q, Q19, G:G, ">" & G19))),"ERROR") -> 31 | AI19: =IFERROR(IF(G19=0,"-",_xlfn.RANK.EQ(Q19,$Q:$Q,0)+(COUNTIFS(Q:Q, Q19, AK:AK, "<" & AK19))),"ERROR") -> 40 | AJ19: =IFERROR(IF(G19=0,"-",_xlfn.RANK.EQ(R19,$R:$R,1)+(COUNTIFS(R:R, R19, AH:AH, "<" & AH19))),"ERROR") -> 26 | AK19: =IFERROR(IF(G19=0,"-",_xlfn.RANK.EQ(R19,$R:$R,0)+(COUNTIFS(R:R, R19, AH:AH, "<" & AH19))),"ERROR") -> 45 | AL19: =IFERROR(IF(G19=0,"-",AVERAGE(AH19,AK19)),"UPCOMING") -> 38 | AM19: =IFERROR(IF(G19=0,"-",_xlfn.RANK.EQ(AL19,AL:AL,1)+(COUNTIFS(AL:AL,AL19,AH:AH,"<"&AH19))),"UPCOMING") -> 42 | AN19: =IFERROR(IF(G19=0,"-",_xlfn.RANK.EQ(AL19,AL:AL,0)+(COUNTIFS(AL:AL,AL19,AI:AI,"<"&AI19))),"UPCOMING") -> 29 | AO19: =IFERROR(IF((AND(G19<>0, S19="MOTW")),AVERAGE(AH19,AK19),"-"),"UPCOMING") -> 38 | AP19: =IFERROR(IF(AND(G19<>0, S19="MOTW"), _xlfn.RANK.EQ(AO19, AO:AO, 1) + COUNTIFS(AO:AO, AO19, AH:AH, "<" & AH19), "UPCOMING"), "-") -> 11 | AQ19: =_xlfn.RANK.EQ(L19,$L$2:$L$70,1)+COUNTIFS($L$2:$L$70,L19,$AM$2:$AM$70,"<"&AM19) -> 4 | AR19: =IFERROR(IF(AND(G19<>0, U19="UPSET"), L19,"NO UPSET"),"-") -> 5.7071068 | AS19: =IFERROR(IF(AL19="NO UPSET","-",_xlfn.RANK.EQ(AR19,$AR$2:$AR$70,0)+COUNTIFS($AR$2:$AR$70,AR19,$AL$2:$AL$70,"<"&AL19)),"-") -> 29 | AV19: 1 | AW19: =INDEX($Q:$Q, MATCH(AV11,$AH:$AH,0)) -> 0.2 | AX19: =Settings!$R$3 -> 2025 | AY19: =INDEX($B:$B, MATCH(AV11,$AH:$AH,0)) -> WEEK 10 | AZ19: =INDEX($N:$N, MATCH(AV19,$AH:$AH,0)) -> MUTTS | BA19: =INDEX($O:$O, MATCH(AV19,$AH:$AH,0)) -> SAVAGES | BB19: {=Settings!$R$3 & " REG, PVE FFL GAME " & INDEX($A:$A, MATCH(AV19,$AH:$AH,0))} -> 2025 REG, PVE FFL GAME 50 | BC19: =INDEX($S:$S, MATCH(AV19,$AH:$AH,0))
A20: 19 | B20: {=INDEX(Settings!H$2:H$72, ROW())} -> WEEK 4 | C20: {=INDEX(Settings!I$2:I$72, ROW())} -> GAME 4 | D20: {=INDEX('BACKEND 1'!$V$28:$AK$38, MATCH(F20, 'BACKEND 1'!$V$28:$V$38, 0), MATCH(B20, 'BACKEND 1'!$V$28:$AK$28, 0))} -> 10 | E20: =VLOOKUP(F20, Settings!$A$3:$C$12, 3, FALSE) -> ESTEEMED | F20: {=INDEX(Settings!J$2:J$72, ROW())} -> EAGLES | G20: =SUMIFS('All-Stars'!E:E, 'All-Stars'!B:B, F20, 'All-Stars'!F:F, B20) -> 183.68 | H20: =SUMIFS('All-Stars'!E:E, 'All-Stars'!B:B, I20, 'All-Stars'!F:F, B20) -> 194.64 | I20: {=INDEX(Settings!K$2:K$72, ROW())} -> GREEN | J20: =VLOOKUP(I20, Settings!$A$3:$C$12, 3, FALSE) -> PRODIGY | K20: {=INDEX('BACKEND 1'!$V$28:$AK$38, MATCH(I20, 'BACKEND 1'!$V$28:$V$38, 0), MATCH(B20, 'BACKEND 1'!$V$28:$AK$28, 0))} -> 8 | L20: {=IFERROR(IF(D20=0,"-",INDEX('BACKEND 1'!$V$54:$AF$64, MATCH(D20, 'BACKEND 1'!$V$54:$V$64, 0), MATCH(K20, 'BACKEND 1'!$V$54:$AF$54, 0))),"-")} -> 13.414214 | M20: =_xlfn.RANK.EQ(L20,L17:L21,1) -> 4 | N20: =IF(G20 > H20, F20, IF(H20 > G20, I20, "Tie")) -> GREEN | O20: =IF(G20 < H20, F20, IF(H20 < G20, I20, "Tie")) -> EAGLES | P20: =IF(G20=0,"",IF(Q20 > 40, "YES", "")) | Q20: =IF(G20=0,"-",ABS(G20 - H20)) -> 10.96 | R20: =IF(G20=0,"-",G20 + H20) -> 378.32 | S20: =IF(AND(L20 <> 0, L20 = MINIFS(L$2:L$72, B$2:B$72, B20)), "MOTW", "") | U20: =IF(OR(AND(K20>D20,H20>G20),AND(D20>K20, G20>H20)), "UPSET", "") | V20: 4 | W20: =IF(OR(N20=F20,N20=H20),1,0) -> 0 | X20: =IF(OR(N20="POPEYES"), IF(ROW()=2,1,IF(N19="POPEYES",X19+1,1)), 0) -> 0 | AH20: =IFERROR(IF(G20=0,"-",_xlfn.RANK.EQ(Q20,$Q:$Q,1)+(COUNTIFS(Q:Q, Q20, G:G, ">" & G20))),"ERROR") -> 9 | AI20: =IFERROR(IF(G20=0,"-",_xlfn.RANK.EQ(Q20,$Q:$Q,0)+(COUNTIFS(Q:Q, Q20, AK:AK, "<" & AK20))),"ERROR") -> 62 | AJ20: =IFERROR(IF(G20=0,"-",_xlfn.RANK.EQ(R20,$R:$R,1)+(COUNTIFS(R:R, R20, AH:AH, "<" & AH20))),"ERROR") -> 61 | AK20: =IFERROR(IF(G20=0,"-",_xlfn.RANK.EQ(R20,$R:$R,0)+(COUNTIFS(R:R, R20, AH:AH, "<" & AH20))),"ERROR") -> 10 | AL20: =IFERROR(IF(G20=0,"-",AVERAGE(AH20,AK20)),"UPCOMING") -> 9.5 | AM20: =IFERROR(IF(G20=0,"-",_xlfn.RANK.EQ(AL20,AL:AL,1)+(COUNTIFS(AL:AL,AL20,AH:AH,"<"&AH20))),"UPCOMING") -> 2 | AN20: =IFERROR(IF(G20=0,"-",_xlfn.RANK.EQ(AL20,AL:AL,0)+(COUNTIFS(AL:AL,AL20,AI:AI,"<"&AI20))),"UPCOMING") -> 69 | AO20: =IFERROR(IF((AND(G20<>0, S20="MOTW")),AVERAGE(AH20,AK20),"-"),"UPCOMING") -> - | AP20: =IFERROR(IF(AND(G20<>0, S20="MOTW"), _xlfn.RANK.EQ(AO20, AO:AO, 1) + COUNTIFS(AO:AO, AO20, AH:AH, "<" & AH20), "UPCOMING"), "-") -> UPCOMING | AQ20: =_xlfn.RANK.EQ(L20,$L$2:$L$70,1)+COUNTIFS($L$2:$L$70,L20,$AM$2:$AM$70,"<"&AM20) -> 44 | AR20: =IFERROR(IF(AND(G20<>0, U20="UPSET"), L20,"NO UPSET"),"-") -> NO UPSET | AS20: =IFERROR(IF(AL20="NO UPSET","-",_xlfn.RANK.EQ(AR20,$AR$2:$AR$70,0)+COUNTIFS($AR$2:$AR$70,AR20,$AL$2:$AL$70,"<"&AL20)),"-") -> - | AV20: 2 | AW20: =INDEX($Q:$Q, MATCH(AV12,$AH:$AH,0)) -> 1 | AX20: =Settings!$R$3 -> 2025 | AY20: =INDEX($B:$B, MATCH(AV12,$AH:$AH,0)) -> WEEK 6 | AZ20: =INDEX($N:$N, MATCH(AV20,$AH:$AH,0)) -> SAVAGES | BA20: =INDEX($O:$O, MATCH(AV20,$AH:$AH,0)) -> METAMOOKDAWGS | BB20: {=Settings!$R$3 & " REG, PVE FFL GAME " & INDEX($A:$A, MATCH(AV20,$AH:$AH,0))} -> 2025 REG, PVE FFL GAME 30 | BC20: =INDEX($S:$S, MATCH(AV20,$AH:$AH,0))
A21: 20 | B21: {=INDEX(Settings!H$2:H$72, ROW())} -> WEEK 4 | C21: {=INDEX(Settings!I$2:I$72, ROW())} -> GAME 5 | D21: {=INDEX('BACKEND 1'!$V$28:$AK$38, MATCH(F21, 'BACKEND 1'!$V$28:$V$38, 0), MATCH(B21, 'BACKEND 1'!$V$28:$AK$28, 0))} -> 7 | E21: =VLOOKUP(F21, Settings!$A$3:$C$12, 3, FALSE) -> ESTEEMED | F21: {=INDEX(Settings!J$2:J$72, ROW())} -> METAMOOKDAWGS | G21: =SUMIFS('All-Stars'!E:E, 'All-Stars'!B:B, F21, 'All-Stars'!F:F, B21) -> 201.65 | H21: =SUMIFS('All-Stars'!E:E, 'All-Stars'!B:B, I21, 'All-Stars'!F:F, B21) -> 175.05 | I21: {=INDEX(Settings!K$2:K$72, ROW())} -> SAVAGES | J21: =VLOOKUP(I21, Settings!$A$3:$C$12, 3, FALSE) -> PRODIGY | K21: {=INDEX('BACKEND 1'!$V$28:$AK$38, MATCH(I21, 'BACKEND 1'!$V$28:$V$38, 0), MATCH(B21, 'BACKEND 1'!$V$28:$AK$28, 0))} -> 6 | L21: {=IFERROR(IF(D21=0,"-",INDEX('BACKEND 1'!$V$54:$AF$64, MATCH(D21, 'BACKEND 1'!$V$54:$V$64, 0), MATCH(K21, 'BACKEND 1'!$V$54:$AF$54, 0))),"-")} -> 8.7071068 | M21: =_xlfn.RANK.EQ(L21,L17:L21,1) -> 2 | N21: =IF(G21 > H21, F21, IF(H21 > G21, I21, "Tie")) -> METAMOOKDAWGS | O21: =IF(G21 < H21, F21, IF(H21 < G21, I21, "Tie")) -> SAVAGES | P21: =IF(G21=0,"",IF(Q21 > 40, "YES", "")) | Q21: =IF(G21=0,"-",ABS(G21 - H21)) -> 26.6 | R21: =IF(G21=0,"-",G21 + H21) -> 376.7 | S21: =IF(AND(L21 <> 0, L21 = MINIFS(L$2:L$72, B$2:B$72, B21)), "MOTW", "") | U21: =IF(OR(AND(K21>D21,H21>G21),AND(D21>K21, G21>H21)), "UPSET", "") -> UPSET | V21: 4 | W21: =IF(OR(N21=F21,N21=H21),1,0) -> 1 | X21: =IF(OR(N21="POPEYES"), IF(ROW()=2,1,IF(N20="POPEYES",X20+1,1)), 0) -> 0 | AH21: =IFERROR(IF(G21=0,"-",_xlfn.RANK.EQ(Q21,$Q:$Q,1)+(COUNTIFS(Q:Q, Q21, G:G, ">" & G21))),"ERROR") -> 24 | AI21: =IFERROR(IF(G21=0,"-",_xlfn.RANK.EQ(Q21,$Q:$Q,0)+(COUNTIFS(Q:Q, Q21, AK:AK, "<" & AK21))),"ERROR") -> 47 | AJ21: =IFERROR(IF(G21=0,"-",_xlfn.RANK.EQ(R21,$R:$R,1)+(COUNTIFS(R:R, R21, AH:AH, "<" & AH21))),"ERROR") -> 60 | AK21: =IFERROR(IF(G21=0,"-",_xlfn.RANK.EQ(R21,$R:$R,0)+(COUNTIFS(R:R, R21, AH:AH, "<" & AH21))),"ERROR") -> 11 | AL21: =IFERROR(IF(G21=0,"-",AVERAGE(AH21,AK21)),"UPCOMING") -> 17.5 | AM21: =IFERROR(IF(G21=0,"-",_xlfn.RANK.EQ(AL21,AL:AL,1)+(COUNTIFS(AL:AL,AL21,AH:AH,"<"&AH21))),"UPCOMING") -> 7 | AN21: =IFERROR(IF(G21=0,"-",_xlfn.RANK.EQ(AL21,AL:AL,0)+(COUNTIFS(AL:AL,AL21,AI:AI,"<"&AI21))),"UPCOMING") -> 64 | AO21: =IFERROR(IF((AND(G21<>0, S21="MOTW")),AVERAGE(AH21,AK21),"-"),"UPCOMING") -> - | AP21: =IFERROR(IF(AND(G21<>0, S21="MOTW"), _xlfn.RANK.EQ(AO21, AO:AO, 1) + COUNTIFS(AO:AO, AO21, AH:AH, "<" & AH21), "UPCOMING"), "-") -> UPCOMING | AQ21: =_xlfn.RANK.EQ(L21,$L$2:$L$70,1)+COUNTIFS($L$2:$L$70,L21,$AM$2:$AM$70,"<"&AM21) -> 13 | AR21: =IFERROR(IF(AND(G21<>0, U21="UPSET"), L21,"NO UPSET"),"-") -> 8.7071068 | AS21: =IFERROR(IF(AL21="NO UPSET","-",_xlfn.RANK.EQ(AR21,$AR$2:$AR$70,0)+COUNTIFS($AR$2:$AR$70,AR21,$AL$2:$AL$70,"<"&AL21)),"-") -> 26 | AV21: 3 | AW21: =INDEX($Q:$Q, MATCH(AV13,$AH:$AH,0)) -> 2.3 | AX21: =Settings!$R$3 -> 2025 | AY21: =INDEX($B:$B, MATCH(AV13,$AH:$AH,0)) -> WEEK 5 | AZ21: =INDEX($N:$N, MATCH(AV21,$AH:$AH,0)) -> GREEN | BA21: =INDEX($O:$O, MATCH(AV21,$AH:$AH,0)) -> CHAMPS | BB21: {=Settings!$R$3 & " REG, PVE FFL GAME " & INDEX($A:$A, MATCH(AV21,$AH:$AH,0))} -> 2025 REG, PVE FFL GAME 25 | BC21: =INDEX($S:$S, MATCH(AV21,$AH:$AH,0)) -> MOTW
A22: 21 | B22: {=INDEX(Settings!H$2:H$72, ROW())} -> WEEK 5 | C22: {=INDEX(Settings!I$2:I$72, ROW())} -> GAME 1 | D22: {=INDEX('BACKEND 1'!$V$28:$AK$38, MATCH(F22, 'BACKEND 1'!$V$28:$V$38, 0), MATCH(B22, 'BACKEND 1'!$V$28:$AK$28, 0))} -> 3 | E22: =VLOOKUP(F22, Settings!$A$3:$C$12, 3, FALSE) -> ESTEEMED | F22: {=INDEX(Settings!J$2:J$72, ROW())} -> YARDIES | G22: =SUMIFS('All-Stars'!E:E, 'All-Stars'!B:B, F22, 'All-Stars'!F:F, B22) -> 204.92 | H22: =SUMIFS('All-Stars'!E:E, 'All-Stars'!B:B, I22, 'All-Stars'!F:F, B22) -> 143.9 | I22: {=INDEX(Settings!K$2:K$72, ROW())} -> METAMOOKDAWGS | J22: =VLOOKUP(I22, Settings!$A$3:$C$12, 3, FALSE) -> ESTEEMED | K22: {=INDEX('BACKEND 1'!$V$28:$AK$38, MATCH(I22, 'BACKEND 1'!$V$28:$V$38, 0), MATCH(B22, 'BACKEND 1'!$V$28:$AK$28, 0))} -> 7 | L22: {=IFERROR(IF(D22=0,"-",INDEX('BACKEND 1'!$V$54:$AF$64, MATCH(D22, 'BACKEND 1'!$V$54:$V$64, 0), MATCH(K22, 'BACKEND 1'!$V$54:$AF$54, 0))),"-")} -> 13.828427 | M22: =_xlfn.RANK.EQ(L22,L22:L26,1) -> 2 | N22: =IF(G22 > H22, F22, IF(H22 > G22, I22, "Tie")) -> YARDIES | O22: =IF(G22 < H22, F22, IF(H22 < G22, I22, "Tie")) -> METAMOOKDAWGS | P22: =IF(G22=0,"",IF(Q22 > 40, "YES", "")) -> YES | Q22: =IF(G22=0,"-",ABS(G22 - H22)) -> 61.02 | R22: =IF(G22=0,"-",G22 + H22) -> 348.82 | S22: =IF(AND(L22 <> 0, L22 = MINIFS(L$2:L$72, B$2:B$72, B22)), "MOTW", "") | U22: =IF(OR(AND(K22>D22,H22>G22),AND(D22>K22, G22>H22)), "UPSET", "") | V22: 5 | W22: =IF(OR(N22=F22,N22=H22),1,0) -> 1 | X22: =IF(OR(N22="POPEYES"), IF(ROW()=2,1,IF(N21="POPEYES",X21+1,1)), 0) -> 0 | AH22: =IFERROR(IF(G22=0,"-",_xlfn.RANK.EQ(Q22,$Q:$Q,1)+(COUNTIFS(Q:Q, Q22, G:G, ">" & G22))),"ERROR") -> 60 | AI22: =IFERROR(IF(G22=0,"-",_xlfn.RANK.EQ(Q22,$Q:$Q,0)+(COUNTIFS(Q:Q, Q22, AK:AK, "<" & AK22))),"ERROR") -> 11 | AJ22: =IFERROR(IF(G22=0,"-",_xlfn.RANK.EQ(R22,$R:$R,1)+(COUNTIFS(R:R, R22, AH:AH, "<" & AH22))),"ERROR") -> 54 | AK22: =IFERROR(IF(G22=0,"-",_xlfn.RANK.EQ(R22,$R:$R,0)+(COUNTIFS(R:R, R22, AH:AH, "<" & AH22))),"ERROR") -> 17 | AL22: =IFERROR(IF(G22=0,"-",AVERAGE(AH22,AK22)),"UPCOMING") -> 38.5 | AM22: =IFERROR(IF(G22=0,"-",_xlfn.RANK.EQ(AL22,AL:AL,1)+(COUNTIFS(AL:AL,AL22,AH:AH,"<"&AH22))),"UPCOMING") -> 43 | AN22: =IFERROR(IF(G22=0,"-",_xlfn.RANK.EQ(AL22,AL:AL,0)+(COUNTIFS(AL:AL,AL22,AI:AI,"<"&AI22))),"UPCOMING") -> 28 | AO22: =IFERROR(IF((AND(G22<>0, S22="MOTW")),AVERAGE(AH22,AK22),"-"),"UPCOMING") -> - | AP22: =IFERROR(IF(AND(G22<>0, S22="MOTW"), _xlfn.RANK.EQ(AO22, AO:AO, 1) + COUNTIFS(AO:AO, AO22, AH:AH, "<" & AH22), "UPCOMING"), "-") -> UPCOMING | AQ22: =_xlfn.RANK.EQ(L22,$L$2:$L$70,1)+COUNTIFS($L$2:$L$70,L22,$AM$2:$AM$70,"<"&AM22) -> 45 | AR22: =IFERROR(IF(AND(G22<>0, U22="UPSET"), L22,"NO UPSET"),"-") -> NO UPSET | AS22: =IFERROR(IF(AL22="NO UPSET","-",_xlfn.RANK.EQ(AR22,$AR$2:$AR$70,0)+COUNTIFS($AR$2:$AR$70,AR22,$AL$2:$AL$70,"<"&AL22)),"-") -> - | AV22: 4 | AW22: =INDEX($Q:$Q, MATCH(AV14,$AH:$AH,0)) -> 6.92 | AX22: =Settings!$R$3 -> 2025 | AY22: =INDEX($B:$B, MATCH(AV14,$AH:$AH,0)) -> WEEK 14 | AZ22: =INDEX($N:$N, MATCH(AV22,$AH:$AH,0)) -> SAVAGES | BA22: =INDEX($O:$O, MATCH(AV22,$AH:$AH,0)) -> CHAMPS | BB22: {=Settings!$R$3 & " REG, PVE FFL GAME " & INDEX($A:$A, MATCH(AV22,$AH:$AH,0))} -> 2025 REG, PVE FFL GAME 68 | BC22: =INDEX($S:$S, MATCH(AV22,$AH:$AH,0))
A23: 22 | B23: {=INDEX(Settings!H$2:H$72, ROW())} -> WEEK 5 | C23: {=INDEX(Settings!I$2:I$72, ROW())} -> GAME 2 | D23: {=INDEX('BACKEND 1'!$V$28:$AK$38, MATCH(F23, 'BACKEND 1'!$V$28:$V$38, 0), MATCH(B23, 'BACKEND 1'!$V$28:$AK$28, 0))} -> 2 | E23: =VLOOKUP(F23, Settings!$A$3:$C$12, 3, FALSE) -> ESTEEMED | F23: {=INDEX(Settings!J$2:J$72, ROW())} -> MUTTS | G23: =SUMIFS('All-Stars'!E:E, 'All-Stars'!B:B, F23, 'All-Stars'!F:F, B23) -> 161.98 | H23: =SUMIFS('All-Stars'!E:E, 'All-Stars'!B:B, I23, 'All-Stars'!F:F, B23) -> 141.58 | I23: {=INDEX(Settings!K$2:K$72, ROW())} -> EAGLES | J23: =VLOOKUP(I23, Settings!$A$3:$C$12, 3, FALSE) -> ESTEEMED | K23: {=INDEX('BACKEND 1'!$V$28:$AK$38, MATCH(I23, 'BACKEND 1'!$V$28:$V$38, 0), MATCH(B23, 'BACKEND 1'!$V$28:$AK$28, 0))} -> 10 | L23: {=IFERROR(IF(D23=0,"-",INDEX('BACKEND 1'!$V$54:$AF$64, MATCH(D23, 'BACKEND 1'!$V$54:$V$64, 0), MATCH(K23, 'BACKEND 1'!$V$54:$AF$54, 0))),"-")} -> 23.656854 | M23: =_xlfn.RANK.EQ(L23,L22:L26,1) -> 5 | N23: =IF(G23 > H23, F23, IF(H23 > G23, I23, "Tie")) -> MUTTS | O23: =IF(G23 < H23, F23, IF(H23 < G23, I23, "Tie")) -> EAGLES | P23: =IF(G23=0,"",IF(Q23 > 40, "YES", "")) | Q23: =IF(G23=0,"-",ABS(G23 - H23)) -> 20.4 | R23: =IF(G23=0,"-",G23 + H23) -> 303.56 | S23: =IF(AND(L23 <> 0, L23 = MINIFS(L$2:L$72, B$2:B$72, B23)), "MOTW", "") | U23: =IF(OR(AND(K23>D23,H23>G23),AND(D23>K23, G23>H23)), "UPSET", "") | V23: 5 | W23: =IF(OR(N23=F23,N23=H23),1,0) -> 1 | X23: =IF(OR(N23="POPEYES"), IF(ROW()=2,1,IF(N22="POPEYES",X22+1,1)), 0) -> 0 | AH23: =IFERROR(IF(G23=0,"-",_xlfn.RANK.EQ(Q23,$Q:$Q,1)+(COUNTIFS(Q:Q, Q23, G:G, ">" & G23))),"ERROR") -> 17 | AI23: =IFERROR(IF(G23=0,"-",_xlfn.RANK.EQ(Q23,$Q:$Q,0)+(COUNTIFS(Q:Q, Q23, AK:AK, "<" & AK23))),"ERROR") -> 54 | AJ23: =IFERROR(IF(G23=0,"-",_xlfn.RANK.EQ(R23,$R:$R,1)+(COUNTIFS(R:R, R23, AH:AH, "<" & AH23))),"ERROR") -> 25 | AK23: =IFERROR(IF(G23=0,"-",_xlfn.RANK.EQ(R23,$R:$R,0)+(COUNTIFS(R:R, R23, AH:AH, "<" & AH23))),"ERROR") -> 46 | AL23: =IFERROR(IF(G23=0,"-",AVERAGE(AH23,AK23)),"UPCOMING") -> 31.5 | AM23: =IFERROR(IF(G23=0,"-",_xlfn.RANK.EQ(AL23,AL:AL,1)+(COUNTIFS(AL:AL,AL23,AH:AH,"<"&AH23))),"UPCOMING") -> 27 | AN23: =IFERROR(IF(G23=0,"-",_xlfn.RANK.EQ(AL23,AL:AL,0)+(COUNTIFS(AL:AL,AL23,AI:AI,"<"&AI23))),"UPCOMING") -> 44 | AO23: =IFERROR(IF((AND(G23<>0, S23="MOTW")),AVERAGE(AH23,AK23),"-"),"UPCOMING") -> - | AP23: =IFERROR(IF(AND(G23<>0, S23="MOTW"), _xlfn.RANK.EQ(AO23, AO:AO, 1) + COUNTIFS(AO:AO, AO23, AH:AH, "<" & AH23), "UPCOMING"), "-") -> UPCOMING | AQ23: =_xlfn.RANK.EQ(L23,$L$2:$L$70,1)+COUNTIFS($L$2:$L$70,L23,$AM$2:$AM$70,"<"&AM23) -> 68 | AR23: =IFERROR(IF(AND(G23<>0, U23="UPSET"), L23,"NO UPSET"),"-") -> NO UPSET | AS23: =IFERROR(IF(AL23="NO UPSET","-",_xlfn.RANK.EQ(AR23,$AR$2:$AR$70,0)+COUNTIFS($AR$2:$AR$70,AR23,$AL$2:$AL$70,"<"&AL23)),"-") -> - | AV23: 5 | AW23: =INDEX($Q:$Q, MATCH(AV15,$AH:$AH,0)) -> 8.73 | AX23: =Settings!$R$3 -> 2025 | AY23: =INDEX($B:$B, MATCH(AV15,$AH:$AH,0)) -> WEEK 11 | AZ23: =INDEX($N:$N, MATCH(AV23,$AH:$AH,0)) -> YARDIES | BA23: =INDEX($O:$O, MATCH(AV23,$AH:$AH,0)) -> SAVAGES | BB23: {=Settings!$R$3 & " REG, PVE FFL GAME " & INDEX($A:$A, MATCH(AV23,$AH:$AH,0))} -> 2025 REG, PVE FFL GAME 55 | BC23: =INDEX($S:$S, MATCH(AV23,$AH:$AH,0))
A24: 23 | B24: {=INDEX(Settings!H$2:H$72, ROW())} -> WEEK 5 | C24: {=INDEX(Settings!I$2:I$72, ROW())} -> GAME 3 | D24: {=INDEX('BACKEND 1'!$V$28:$AK$38, MATCH(F24, 'BACKEND 1'!$V$28:$V$38, 0), MATCH(B24, 'BACKEND 1'!$V$28:$AK$28, 0))} -> 4 | E24: =VLOOKUP(F24, Settings!$A$3:$C$12, 3, FALSE) -> PRODIGY | F24: {=INDEX(Settings!J$2:J$72, ROW())} -> DECOUPES | G24: =SUMIFS('All-Stars'!E:E, 'All-Stars'!B:B, F24, 'All-Stars'!F:F, B24) -> 116.2 | H24: =SUMIFS('All-Stars'!E:E, 'All-Stars'!B:B, I24, 'All-Stars'!F:F, B24) -> 172.82 | I24: {=INDEX(Settings!K$2:K$72, ROW())} -> KINGS | J24: =VLOOKUP(I24, Settings!$A$3:$C$12, 3, FALSE) -> PRODIGY | K24: {=INDEX('BACKEND 1'!$V$28:$AK$38, MATCH(I24, 'BACKEND 1'!$V$28:$V$38, 0), MATCH(B24, 'BACKEND 1'!$V$28:$AK$28, 0))} -> 9 | L24: {=IFERROR(IF(D24=0,"-",INDEX('BACKEND 1'!$V$54:$AF$64, MATCH(D24, 'BACKEND 1'!$V$54:$V$64, 0), MATCH(K24, 'BACKEND 1'!$V$54:$AF$54, 0))),"-")} -> 17.535534 | M24: =_xlfn.RANK.EQ(L24,L22:L26,1) -> 4 | N24: =IF(G24 > H24, F24, IF(H24 > G24, I24, "Tie")) -> KINGS | O24: =IF(G24 < H24, F24, IF(H24 < G24, I24, "Tie")) -> DECOUPES | P24: =IF(G24=0,"",IF(Q24 > 40, "YES", "")) -> YES | Q24: =IF(G24=0,"-",ABS(G24 - H24)) -> 56.62 | R24: =IF(G24=0,"-",G24 + H24) -> 289.02 | S24: =IF(AND(L24 <> 0, L24 = MINIFS(L$2:L$72, B$2:B$72, B24)), "MOTW", "") | U24: =IF(OR(AND(K24>D24,H24>G24),AND(D24>K24, G24>H24)), "UPSET", "") -> UPSET | V24: 5 | W24: =IF(OR(N24=F24,N24=H24),1,0) -> 0 | X24: =IF(OR(N24="POPEYES"), IF(ROW()=2,1,IF(N23="POPEYES",X23+1,1)), 0) -> 0 | AH24: =IFERROR(IF(G24=0,"-",_xlfn.RANK.EQ(Q24,$Q:$Q,1)+(COUNTIFS(Q:Q, Q24, G:G, ">" & G24))),"ERROR") -> 56 | AI24: =IFERROR(IF(G24=0,"-",_xlfn.RANK.EQ(Q24,$Q:$Q,0)+(COUNTIFS(Q:Q, Q24, AK:AK, "<" & AK24))),"ERROR") -> 15 | AJ24: =IFERROR(IF(G24=0,"-",_xlfn.RANK.EQ(R24,$R:$R,1)+(COUNTIFS(R:R, R24, AH:AH, "<" & AH24))),"ERROR") -> 17 | AK24: =IFERROR(IF(G24=0,"-",_xlfn.RANK.EQ(R24,$R:$R,0)+(COUNTIFS(R:R, R24, AH:AH, "<" & AH24))),"ERROR") -> 54 | AL24: =IFERROR(IF(G24=0,"-",AVERAGE(AH24,AK24)),"UPCOMING") -> 55 | AM24: =IFERROR(IF(G24=0,"-",_xlfn.RANK.EQ(AL24,AL:AL,1)+(COUNTIFS(AL:AL,AL24,AH:AH,"<"&AH24))),"UPCOMING") -> 65 | AN24: =IFERROR(IF(G24=0,"-",_xlfn.RANK.EQ(AL24,AL:AL,0)+(COUNTIFS(AL:AL,AL24,AI:AI,"<"&AI24))),"UPCOMING") -> 6 | AO24: =IFERROR(IF((AND(G24<>0, S24="MOTW")),AVERAGE(AH24,AK24),"-"),"UPCOMING") -> - | AP24: =IFERROR(IF(AND(G24<>0, S24="MOTW"), _xlfn.RANK.EQ(AO24, AO:AO, 1) + COUNTIFS(AO:AO, AO24, AH:AH, "<" & AH24), "UPCOMING"), "-") -> UPCOMING | AQ24: =_xlfn.RANK.EQ(L24,$L$2:$L$70,1)+COUNTIFS($L$2:$L$70,L24,$AM$2:$AM$70,"<"&AM24) -> 58 | AR24: =IFERROR(IF(AND(G24<>0, U24="UPSET"), L24,"NO UPSET"),"-") -> 17.535534 | AS24: =IFERROR(IF(AL24="NO UPSET","-",_xlfn.RANK.EQ(AR24,$AR$2:$AR$70,0)+COUNTIFS($AR$2:$AR$70,AR24,$AL$2:$AL$70,"<"&AL24)),"-") -> 9
A25: 24 | B25: {=INDEX(Settings!H$2:H$72, ROW())} -> WEEK 5 | C25: {=INDEX(Settings!I$2:I$72, ROW())} -> GAME 4 | D25: {=INDEX('BACKEND 1'!$V$28:$AK$38, MATCH(F25, 'BACKEND 1'!$V$28:$V$38, 0), MATCH(B25, 'BACKEND 1'!$V$28:$AK$28, 0))} -> 1 | E25: =VLOOKUP(F25, Settings!$A$3:$C$12, 3, FALSE) -> PRODIGY | F25: {=INDEX(Settings!J$2:J$72, ROW())} -> POPEYES | G25: =SUMIFS('All-Stars'!E:E, 'All-Stars'!B:B, F25, 'All-Stars'!F:F, B25) -> 202.46 | H25: =SUMIFS('All-Stars'!E:E, 'All-Stars'!B:B, I25, 'All-Stars'!F:F, B25) -> 156.15 | I25: {=INDEX(Settings!K$2:K$72, ROW())} -> SAVAGES | J25: =VLOOKUP(I25, Settings!$A$3:$C$12, 3, FALSE) -> PRODIGY | K25: {=INDEX('BACKEND 1'!$V$28:$AK$38, MATCH(I25, 'BACKEND 1'!$V$28:$V$38, 0), MATCH(B25, 'BACKEND 1'!$V$28:$AK$28, 0))} -> 6 | L25: {=IFERROR(IF(D25=0,"-",INDEX('BACKEND 1'!$V$54:$AF$64, MATCH(D25, 'BACKEND 1'!$V$54:$V$64, 0), MATCH(K25, 'BACKEND 1'!$V$54:$AF$54, 0))),"-")} -> 14.535534 | M25: =_xlfn.RANK.EQ(L25,L22:L26,1) -> 3 | N25: =IF(G25 > H25, F25, IF(H25 > G25, I25, "Tie")) -> POPEYES | O25: =IF(G25 < H25, F25, IF(H25 < G25, I25, "Tie")) -> SAVAGES | P25: =IF(G25=0,"",IF(Q25 > 40, "YES", "")) -> YES | Q25: =IF(G25=0,"-",ABS(G25 - H25)) -> 46.31 | R25: =IF(G25=0,"-",G25 + H25) -> 358.61 | S25: =IF(AND(L25 <> 0, L25 = MINIFS(L$2:L$72, B$2:B$72, B25)), "MOTW", "") | U25: =IF(OR(AND(K25>D25,H25>G25),AND(D25>K25, G25>H25)), "UPSET", "") | V25: 5 | W25: =IF(OR(N25=F25,N25=H25),1,0) -> 1 | X25: =IF(OR(N25="POPEYES"), IF(ROW()=2,1,IF(N24="POPEYES",X24+1,1)), 0) -> 1 | AH25: =IFERROR(IF(G25=0,"-",_xlfn.RANK.EQ(Q25,$Q:$Q,1)+(COUNTIFS(Q:Q, Q25, G:G, ">" & G25))),"ERROR") -> 51 | AI25: =IFERROR(IF(G25=0,"-",_xlfn.RANK.EQ(Q25,$Q:$Q,0)+(COUNTIFS(Q:Q, Q25, AK:AK, "<" & AK25))),"ERROR") -> 20 | AJ25: =IFERROR(IF(G25=0,"-",_xlfn.RANK.EQ(R25,$R:$R,1)+(COUNTIFS(R:R, R25, AH:AH, "<" & AH25))),"ERROR") -> 55 | AK25: =IFERROR(IF(G25=0,"-",_xlfn.RANK.EQ(R25,$R:$R,0)+(COUNTIFS(R:R, R25, AH:AH, "<" & AH25))),"ERROR") -> 16 | AL25: =IFERROR(IF(G25=0,"-",AVERAGE(AH25,AK25)),"UPCOMING") -> 33.5 | AM25: =IFERROR(IF(G25=0,"-",_xlfn.RANK.EQ(AL25,AL:AL,1)+(COUNTIFS(AL:AL,AL25,AH:AH,"<"&AH25))),"UPCOMING") -> 31 | AN25: =IFERROR(IF(G25=0,"-",_xlfn.RANK.EQ(AL25,AL:AL,0)+(COUNTIFS(AL:AL,AL25,AI:AI,"<"&AI25))),"UPCOMING") -> 40 | AO25: =IFERROR(IF((AND(G25<>0, S25="MOTW")),AVERAGE(AH25,AK25),"-"),"UPCOMING") -> - | AP25: =IFERROR(IF(AND(G25<>0, S25="MOTW"), _xlfn.RANK.EQ(AO25, AO:AO, 1) + COUNTIFS(AO:AO, AO25, AH:AH, "<" & AH25), "UPCOMING"), "-") -> UPCOMING | AQ25: =_xlfn.RANK.EQ(L25,$L$2:$L$70,1)+COUNTIFS($L$2:$L$70,L25,$AM$2:$AM$70,"<"&AM25) -> 46 | AR25: =IFERROR(IF(AND(G25<>0, U25="UPSET"), L25,"NO UPSET"),"-") -> NO UPSET | AS25: =IFERROR(IF(AL25="NO UPSET","-",_xlfn.RANK.EQ(AR25,$AR$2:$AR$70,0)+COUNTIFS($AR$2:$AR$70,AR25,$AL$2:$AL$70,"<"&AL25)),"-") -> - | AV25: ="Top 5 "& Settings!$R$3& " Regular Season Blowouts - PVE FFL" -> Top 5 2025 Regular Season Blowouts - PVE FFL
A26: 25 | B26: {=INDEX(Settings!H$2:H$72, ROW())} -> WEEK 5 | C26: {=INDEX(Settings!I$2:I$72, ROW())} -> GAME 5 | D26: {=INDEX('BACKEND 1'!$V$28:$AK$38, MATCH(F26, 'BACKEND 1'!$V$28:$V$38, 0), MATCH(B26, 'BACKEND 1'!$V$28:$AK$28, 0))} -> 8 | E26: =VLOOKUP(F26, Settings!$A$3:$C$12, 3, FALSE) -> PRODIGY | F26: {=INDEX(Settings!J$2:J$72, ROW())} -> GREEN | G26: =SUMIFS('All-Stars'!E:E, 'All-Stars'!B:B, F26, 'All-Stars'!F:F, B26) -> 167.16 | H26: =SUMIFS('All-Stars'!E:E, 'All-Stars'!B:B, I26, 'All-Stars'!F:F, B26) -> 164.86 | I26: {=INDEX(Settings!K$2:K$72, ROW())} -> CHAMPS | J26: =VLOOKUP(I26, Settings!$A$3:$C$12, 3, FALSE) -> ESTEEMED | K26: {=INDEX('BACKEND 1'!$V$28:$AK$38, MATCH(I26, 'BACKEND 1'!$V$28:$V$38, 0), MATCH(B26, 'BACKEND 1'!$V$28:$AK$28, 0))} -> 5 | L26: {=IFERROR(IF(D26=0,"-",INDEX('BACKEND 1'!$V$54:$AF$64, MATCH(D26, 'BACKEND 1'!$V$54:$V$64, 0), MATCH(K26, 'BACKEND 1'!$V$54:$AF$54, 0))),"-")} -> 13.12132 | M26: =_xlfn.RANK.EQ(L26,L22:L26,1) -> 1 | N26: =IF(G26 > H26, F26, IF(H26 > G26, I26, "Tie")) -> GREEN | O26: =IF(G26 < H26, F26, IF(H26 < G26, I26, "Tie")) -> CHAMPS | P26: =IF(G26=0,"",IF(Q26 > 40, "YES", "")) | Q26: =IF(G26=0,"-",ABS(G26 - H26)) -> 2.3 | R26: =IF(G26=0,"-",G26 + H26) -> 332.02 | S26: =IF(AND(L26 <> 0, L26 = MINIFS(L$2:L$72, B$2:B$72, B26)), "MOTW", "") -> MOTW | U26: =IF(OR(AND(K26>D26,H26>G26),AND(D26>K26, G26>H26)), "UPSET", "") -> UPSET | V26: 5 | W26: =IF(OR(N26=F26,N26=H26),1,0) -> 1 | X26: =IF(OR(N26="POPEYES"), IF(ROW()=2,1,IF(N25="POPEYES",X25+1,1)), 0) -> 0 | AH26: =IFERROR(IF(G26=0,"-",_xlfn.RANK.EQ(Q26,$Q:$Q,1)+(COUNTIFS(Q:Q, Q26, G:G, ">" & G26))),"ERROR") -> 3 | AI26: =IFERROR(IF(G26=0,"-",_xlfn.RANK.EQ(Q26,$Q:$Q,0)+(COUNTIFS(Q:Q, Q26, AK:AK, "<" & AK26))),"ERROR") -> 68 | AJ26: =IFERROR(IF(G26=0,"-",_xlfn.RANK.EQ(R26,$R:$R,1)+(COUNTIFS(R:R, R26, AH:AH, "<" & AH26))),"ERROR") -> 43 | AK26: =IFERROR(IF(G26=0,"-",_xlfn.RANK.EQ(R26,$R:$R,0)+(COUNTIFS(R:R, R26, AH:AH, "<" & AH26))),"ERROR") -> 28 | AL26: =IFERROR(IF(G26=0,"-",AVERAGE(AH26,AK26)),"UPCOMING") -> 15.5 | AM26: =IFERROR(IF(G26=0,"-",_xlfn.RANK.EQ(AL26,AL:AL,1)+(COUNTIFS(AL:AL,AL26,AH:AH,"<"&AH26))),"UPCOMING") -> 5 | AN26: =IFERROR(IF(G26=0,"-",_xlfn.RANK.EQ(AL26,AL:AL,0)+(COUNTIFS(AL:AL,AL26,AI:AI,"<"&AI26))),"UPCOMING") -> 66 | AO26: =IFERROR(IF((AND(G26<>0, S26="MOTW")),AVERAGE(AH26,AK26),"-"),"UPCOMING") -> 15.5 | AP26: =IFERROR(IF(AND(G26<>0, S26="MOTW"), _xlfn.RANK.EQ(AO26, AO:AO, 1) + COUNTIFS(AO:AO, AO26, AH:AH, "<" & AH26), "UPCOMING"), "-") -> 3 | AQ26: =_xlfn.RANK.EQ(L26,$L$2:$L$70,1)+COUNTIFS($L$2:$L$70,L26,$AM$2:$AM$70,"<"&AM26) -> 42 | AR26: =IFERROR(IF(AND(G26<>0, U26="UPSET"), L26,"NO UPSET"),"-") -> 13.12132 | AS26: =IFERROR(IF(AL26="NO UPSET","-",_xlfn.RANK.EQ(AR26,$AR$2:$AR$70,0)+COUNTIFS($AR$2:$AR$70,AR26,$AL$2:$AL$70,"<"&AL26)),"-") -> 13 | AV26: Top 5 | AW26: Score Gap | AX26: Year | AY26: Week | AZ26: Winner | BA26: Opposing Team | BB26: Game Ref # | BC26: MOTW
A27: 26 | B27: {=INDEX(Settings!H$2:H$72, ROW())} -> WEEK 6 | C27: {=INDEX(Settings!I$2:I$72, ROW())} -> GAME 1 | D27: {=INDEX('BACKEND 1'!$V$28:$AK$38, MATCH(F27, 'BACKEND 1'!$V$28:$V$38, 0), MATCH(B27, 'BACKEND 1'!$V$28:$AK$28, 0))} -> 6 | E27: =VLOOKUP(F27, Settings!$A$3:$C$12, 3, FALSE) -> ESTEEMED | F27: {=INDEX(Settings!J$2:J$72, ROW())} -> CHAMPS | G27: =SUMIFS('All-Stars'!E:E, 'All-Stars'!B:B, F27, 'All-Stars'!F:F, B27) -> 149.44 | H27: =SUMIFS('All-Stars'!E:E, 'All-Stars'!B:B, I27, 'All-Stars'!F:F, B27) -> 175.13 | I27: {=INDEX(Settings!K$2:K$72, ROW())} -> EAGLES | J27: =VLOOKUP(I27, Settings!$A$3:$C$12, 3, FALSE) -> ESTEEMED | K27: {=INDEX('BACKEND 1'!$V$28:$AK$38, MATCH(I27, 'BACKEND 1'!$V$28:$V$38, 0), MATCH(B27, 'BACKEND 1'!$V$28:$AK$28, 0))} -> 10 | L27: {=IFERROR(IF(D27=0,"-",INDEX('BACKEND 1'!$V$54:$AF$64, MATCH(D27, 'BACKEND 1'!$V$54:$V$64, 0), MATCH(K27, 'BACKEND 1'!$V$54:$AF$54, 0))),"-")} -> 16.828427 | M27: =_xlfn.RANK.EQ(L27,L27:L31,1) -> 4 | N27: =IF(G27 > H27, F27, IF(H27 > G27, I27, "Tie")) -> EAGLES | O27: =IF(G27 < H27, F27, IF(H27 < G27, I27, "Tie")) -> CHAMPS | P27: =IF(G27=0,"",IF(Q27 > 40, "YES", "")) | Q27: =IF(G27=0,"-",ABS(G27 - H27)) -> 25.69 | R27: =IF(G27=0,"-",G27 + H27) -> 324.57 | S27: =IF(AND(L27 <> 0, L27 = MINIFS(L$2:L$72, B$2:B$72, B27)), "MOTW", "") | U27: =IF(OR(AND(K27>D27,H27>G27),AND(D27>K27, G27>H27)), "UPSET", "") -> UPSET | V27: 6 | W27: =IF(OR(N27=F27,N27=H27),1,0) -> 0 | X27: =IF(OR(N27="POPEYES"), IF(ROW()=2,1,IF(N26="POPEYES",X26+1,1)), 0) -> 0 | AH27: =IFERROR(IF(G27=0,"-",_xlfn.RANK.EQ(Q27,$Q:$Q,1)+(COUNTIFS(Q:Q, Q27, G:G, ">" & G27))),"ERROR") -> 23 | AI27: =IFERROR(IF(G27=0,"-",_xlfn.RANK.EQ(Q27,$Q:$Q,0)+(COUNTIFS(Q:Q, Q27, AK:AK, "<" & AK27))),"ERROR") -> 48 | AJ27: =IFERROR(IF(G27=0,"-",_xlfn.RANK.EQ(R27,$R:$R,1)+(COUNTIFS(R:R, R27, AH:AH, "<" & AH27))),"ERROR") -> 39 | AK27: =IFERROR(IF(G27=0,"-",_xlfn.RANK.EQ(R27,$R:$R,0)+(COUNTIFS(R:R, R27, AH:AH, "<" & AH27))),"ERROR") -> 32 | AL27: =IFERROR(IF(G27=0,"-",AVERAGE(AH27,AK27)),"UPCOMING") -> 27.5 | AM27: =IFERROR(IF(G27=0,"-",_xlfn.RANK.EQ(AL27,AL:AL,1)+(COUNTIFS(AL:AL,AL27,AH:AH,"<"&AH27))),"UPCOMING") -> 23 | AN27: =IFERROR(IF(G27=0,"-",_xlfn.RANK.EQ(AL27,AL:AL,0)+(COUNTIFS(AL:AL,AL27,AI:AI,"<"&AI27))),"UPCOMING") -> 48 | AO27: =IFERROR(IF((AND(G27<>0, S27="MOTW")),AVERAGE(AH27,AK27),"-"),"UPCOMING") -> - | AP27: =IFERROR(IF(AND(G27<>0, S27="MOTW"), _xlfn.RANK.EQ(AO27, AO:AO, 1) + COUNTIFS(AO:AO, AO27, AH:AH, "<" & AH27), "UPCOMING"), "-") -> UPCOMING | AQ27: =_xlfn.RANK.EQ(L27,$L$2:$L$70,1)+COUNTIFS($L$2:$L$70,L27,$AM$2:$AM$70,"<"&AM27) -> 54 | AR27: =IFERROR(IF(AND(G27<>0, U27="UPSET"), L27,"NO UPSET"),"-") -> 16.828427 | AS27: =IFERROR(IF(AL27="NO UPSET","-",_xlfn.RANK.EQ(AR27,$AR$2:$AR$70,0)+COUNTIFS($AR$2:$AR$70,AR27,$AL$2:$AL$70,"<"&AL27)),"-") -> 11 | AV27: 1 | AW27: =INDEX($Q:$Q, MATCH(AV19,$AI:$AI,0)) -> 136.87 | AX27: =Settings!$R$3 -> 2025 | AY27: =INDEX($B:$B, MATCH(AV19,$AI:$AI,0)) -> WEEK 3 | AZ27: =INDEX($N:$N, MATCH(AV27,$AI:$AI,0)) -> CHAMPS | BA27: =INDEX($O:$O, MATCH(AV27,$AI:$AI,0)) -> DECOUPES | BB27: {=Settings!$R$3 & " REG, PVE FFL GAME " & INDEX($A:$A, MATCH(AV27,$AI:$AI,0))} -> 2025 REG, PVE FFL GAME 13 | BC27: =INDEX($S:$S, MATCH(AV27,$AI:$AI,0))
A28: 27 | B28: {=INDEX(Settings!H$2:H$72, ROW())} -> WEEK 6 | C28: {=INDEX(Settings!I$2:I$72, ROW())} -> GAME 2 | D28: {=INDEX('BACKEND 1'!$V$28:$AK$38, MATCH(F28, 'BACKEND 1'!$V$28:$V$38, 0), MATCH(B28, 'BACKEND 1'!$V$28:$AK$28, 0))} -> 2 | E28: =VLOOKUP(F28, Settings!$A$3:$C$12, 3, FALSE) -> ESTEEMED | F28: {=INDEX(Settings!J$2:J$72, ROW())} -> MUTTS | G28: =SUMIFS('All-Stars'!E:E, 'All-Stars'!B:B, F28, 'All-Stars'!F:F, B28) -> 162.92 | H28: =SUMIFS('All-Stars'!E:E, 'All-Stars'!B:B, I28, 'All-Stars'!F:F, B28) -> 127.98 | I28: {=INDEX(Settings!K$2:K$72, ROW())} -> YARDIES | J28: =VLOOKUP(I28, Settings!$A$3:$C$12, 3, FALSE) -> ESTEEMED | K28: {=INDEX('BACKEND 1'!$V$28:$AK$38, MATCH(I28, 'BACKEND 1'!$V$28:$V$38, 0), MATCH(B28, 'BACKEND 1'!$V$28:$AK$28, 0))} -> 3 | L28: {=IFERROR(IF(D28=0,"-",INDEX('BACKEND 1'!$V$54:$AF$64, MATCH(D28, 'BACKEND 1'!$V$54:$V$64, 0), MATCH(K28, 'BACKEND 1'!$V$54:$AF$54, 0))),"-")} -> 4.7071068 | M28: =_xlfn.RANK.EQ(L28,L27:L31,1) -> 1 | N28: =IF(G28 > H28, F28, IF(H28 > G28, I28, "Tie")) -> MUTTS | O28: =IF(G28 < H28, F28, IF(H28 < G28, I28, "Tie")) -> YARDIES | P28: =IF(G28=0,"",IF(Q28 > 40, "YES", "")) | Q28: =IF(G28=0,"-",ABS(G28 - H28)) -> 34.94 | R28: =IF(G28=0,"-",G28 + H28) -> 290.9 | S28: =IF(AND(L28 <> 0, L28 = MINIFS(L$2:L$72, B$2:B$72, B28)), "MOTW", "") -> MOTW | U28: =IF(OR(AND(K28>D28,H28>G28),AND(D28>K28, G28>H28)), "UPSET", "") | V28: 6 | W28: =IF(OR(N28=F28,N28=H28),1,0) -> 1 | X28: =IF(OR(N28="POPEYES"), IF(ROW()=2,1,IF(N27="POPEYES",X27+1,1)), 0) -> 0 | AH28: =IFERROR(IF(G28=0,"-",_xlfn.RANK.EQ(Q28,$Q:$Q,1)+(COUNTIFS(Q:Q, Q28, G:G, ">" & G28))),"ERROR") -> 36 | AI28: =IFERROR(IF(G28=0,"-",_xlfn.RANK.EQ(Q28,$Q:$Q,0)+(COUNTIFS(Q:Q, Q28, AK:AK, "<" & AK28))),"ERROR") -> 35 | AJ28: =IFERROR(IF(G28=0,"-",_xlfn.RANK.EQ(R28,$R:$R,1)+(COUNTIFS(R:R, R28, AH:AH, "<" & AH28))),"ERROR") -> 18 | AK28: =IFERROR(IF(G28=0,"-",_xlfn.RANK.EQ(R28,$R:$R,0)+(COUNTIFS(R:R, R28, AH:AH, "<" & AH28))),"ERROR") -> 53 | AL28: =IFERROR(IF(G28=0,"-",AVERAGE(AH28,AK28)),"UPCOMING") -> 44.5 | AM28: =IFERROR(IF(G28=0,"-",_xlfn.RANK.EQ(AL28,AL:AL,1)+(COUNTIFS(AL:AL,AL28,AH:AH,"<"&AH28))),"UPCOMING") -> 51 | AN28: =IFERROR(IF(G28=0,"-",_xlfn.RANK.EQ(AL28,AL:AL,0)+(COUNTIFS(AL:AL,AL28,AI:AI,"<"&AI28))),"UPCOMING") -> 20 | AO28: =IFERROR(IF((AND(G28<>0, S28="MOTW")),AVERAGE(AH28,AK28),"-"),"UPCOMING") -> 44.5 | AP28: =IFERROR(IF(AND(G28<>0, S28="MOTW"), _xlfn.RANK.EQ(AO28, AO:AO, 1) + COUNTIFS(AO:AO, AO28, AH:AH, "<" & AH28), "UPCOMING"), "-") -> 13 | AQ28: =_xlfn.RANK.EQ(L28,$L$2:$L$70,1)+COUNTIFS($L$2:$L$70,L28,$AM$2:$AM$70,"<"&AM28) -> 3 | AR28: =IFERROR(IF(AND(G28<>0, U28="UPSET"), L28,"NO UPSET"),"-") -> NO UPSET | AS28: =IFERROR(IF(AL28="NO UPSET","-",_xlfn.RANK.EQ(AR28,$AR$2:$AR$70,0)+COUNTIFS($AR$2:$AR$70,AR28,$AL$2:$AL$70,"<"&AL28)),"-") -> - | AV28: 2 | AW28: =INDEX($Q:$Q, MATCH(AV20,$AI:$AI,0)) -> 97.04 | AX28: =Settings!$R$3 -> 2025 | AY28: =INDEX($B:$B, MATCH(AV20,$AI:$AI,0)) -> WEEK 3 | AZ28: =INDEX($N:$N, MATCH(AV28,$AI:$AI,0)) -> GREEN | BA28: =INDEX($O:$O, MATCH(AV28,$AI:$AI,0)) -> YARDIES | BB28: {=Settings!$R$3 & " REG, PVE FFL GAME " & INDEX($A:$A, MATCH(AV28,$AI:$AI,0))} -> 2025 REG, PVE FFL GAME 14 | BC28: =INDEX($S:$S, MATCH(AV28,$AI:$AI,0))
A29: 28 | B29: {=INDEX(Settings!H$2:H$72, ROW())} -> WEEK 6 | C29: {=INDEX(Settings!I$2:I$72, ROW())} -> GAME 3 | D29: {=INDEX('BACKEND 1'!$V$28:$AK$38, MATCH(F29, 'BACKEND 1'!$V$28:$V$38, 0), MATCH(B29, 'BACKEND 1'!$V$28:$AK$28, 0))} -> 5 | E29: =VLOOKUP(F29, Settings!$A$3:$C$12, 3, FALSE) -> PRODIGY | F29: {=INDEX(Settings!J$2:J$72, ROW())} -> DECOUPES | G29: =SUMIFS('All-Stars'!E:E, 'All-Stars'!B:B, F29, 'All-Stars'!F:F, B29) -> 141.19 | H29: =SUMIFS('All-Stars'!E:E, 'All-Stars'!B:B, I29, 'All-Stars'!F:F, B29) -> 110.89 | I29: {=INDEX(Settings!K$2:K$72, ROW())} -> POPEYES | J29: =VLOOKUP(I29, Settings!$A$3:$C$12, 3, FALSE) -> PRODIGY | K29: {=INDEX('BACKEND 1'!$V$28:$AK$38, MATCH(I29, 'BACKEND 1'!$V$28:$V$38, 0), MATCH(B29, 'BACKEND 1'!$V$28:$AK$28, 0))} -> 1 | L29: {=IFERROR(IF(D29=0,"-",INDEX('BACKEND 1'!$V$54:$AF$64, MATCH(D29, 'BACKEND 1'!$V$54:$V$64, 0), MATCH(K29, 'BACKEND 1'!$V$54:$AF$54, 0))),"-")} -> 11.828427 | M29: =_xlfn.RANK.EQ(L29,L27:L31,1) -> 3 | N29: =IF(G29 > H29, F29, IF(H29 > G29, I29, "Tie")) -> DECOUPES | O29: =IF(G29 < H29, F29, IF(H29 < G29, I29, "Tie")) -> POPEYES | P29: =IF(G29=0,"",IF(Q29 > 40, "YES", "")) | Q29: =IF(G29=0,"-",ABS(G29 - H29)) -> 30.3 | R29: =IF(G29=0,"-",G29 + H29) -> 252.08 | S29: =IF(AND(L29 <> 0, L29 = MINIFS(L$2:L$72, B$2:B$72, B29)), "MOTW", "") | U29: =IF(OR(AND(K29>D29,H29>G29),AND(D29>K29, G29>H29)), "UPSET", "") -> UPSET | V29: 6 | W29: =IF(OR(N29=F29,N29=H29),1,0) -> 1 | X29: =IF(OR(N29="POPEYES"), IF(ROW()=2,1,IF(N28="POPEYES",X28+1,1)), 0) -> 0 | AH29: =IFERROR(IF(G29=0,"-",_xlfn.RANK.EQ(Q29,$Q:$Q,1)+(COUNTIFS(Q:Q, Q29, G:G, ">" & G29))),"ERROR") -> 30 | AI29: =IFERROR(IF(G29=0,"-",_xlfn.RANK.EQ(Q29,$Q:$Q,0)+(COUNTIFS(Q:Q, Q29, AK:AK, "<" & AK29))),"ERROR") -> 41 | AJ29: =IFERROR(IF(G29=0,"-",_xlfn.RANK.EQ(R29,$R:$R,1)+(COUNTIFS(R:R, R29, AH:AH, "<" & AH29))),"ERROR") -> 2 | AK29: =IFERROR(IF(G29=0,"-",_xlfn.RANK.EQ(R29,$R:$R,0)+(COUNTIFS(R:R, R29, AH:AH, "<" & AH29))),"ERROR") -> 69 | AL29: =IFERROR(IF(G29=0,"-",AVERAGE(AH29,AK29)),"UPCOMING") -> 49.5 | AM29: =IFERROR(IF(G29=0,"-",_xlfn.RANK.EQ(AL29,AL:AL,1)+(COUNTIFS(AL:AL,AL29,AH:AH,"<"&AH29))),"UPCOMING") -> 58 | AN29: =IFERROR(IF(G29=0,"-",_xlfn.RANK.EQ(AL29,AL:AL,0)+(COUNTIFS(AL:AL,AL29,AI:AI,"<"&AI29))),"UPCOMING") -> 13 | AO29: =IFERROR(IF((AND(G29<>0, S29="MOTW")),AVERAGE(AH29,AK29),"-"),"UPCOMING") -> - | AP29: =IFERROR(IF(AND(G29<>0, S29="MOTW"), _xlfn.RANK.EQ(AO29, AO:AO, 1) + COUNTIFS(AO:AO, AO29, AH:AH, "<" & AH29), "UPCOMING"), "-") -> UPCOMING | AQ29: =_xlfn.RANK.EQ(L29,$L$2:$L$70,1)+COUNTIFS($L$2:$L$70,L29,$AM$2:$AM$70,"<"&AM29) -> 34 | AR29: =IFERROR(IF(AND(G29<>0, U29="UPSET"), L29,"NO UPSET"),"-") -> 11.828427 | AS29: =IFERROR(IF(AL29="NO UPSET","-",_xlfn.RANK.EQ(AR29,$AR$2:$AR$70,0)+COUNTIFS($AR$2:$AR$70,AR29,$AL$2:$AL$70,"<"&AL29)),"-") -> 18 | AV29: 3 | AW29: =INDEX($Q:$Q, MATCH(AV21,$AI:$AI,0)) -> 84.55 | AX29: =Settings!$R$3 -> 2025 | AY29: =INDEX($B:$B, MATCH(AV21,$AI:$AI,0)) -> WEEK 13 | AZ29: =INDEX($N:$N, MATCH(AV29,$AI:$AI,0)) -> DECOUPES | BA29: =INDEX($O:$O, MATCH(AV29,$AI:$AI,0)) -> SAVAGES | BB29: {=Settings!$R$3 & " REG, PVE FFL GAME " & INDEX($A:$A, MATCH(AV29,$AI:$AI,0))} -> 2025 REG, PVE FFL GAME 62 | BC29: =INDEX($S:$S, MATCH(AV29,$AI:$AI,0))
A30: 29 | B30: {=INDEX(Settings!H$2:H$72, ROW())} -> WEEK 6 | C30: {=INDEX(Settings!I$2:I$72, ROW())} -> GAME 4 | D30: {=INDEX('BACKEND 1'!$V$28:$AK$38, MATCH(F30, 'BACKEND 1'!$V$28:$V$38, 0), MATCH(B30, 'BACKEND 1'!$V$28:$AK$28, 0))} -> 9 | E30: =VLOOKUP(F30, Settings!$A$3:$C$12, 3, FALSE) -> PRODIGY | F30: {=INDEX(Settings!J$2:J$72, ROW())} -> KINGS | G30: =SUMIFS('All-Stars'!E:E, 'All-Stars'!B:B, F30, 'All-Stars'!F:F, B30) -> 154.16 | H30: =SUMIFS('All-Stars'!E:E, 'All-Stars'!B:B, I30, 'All-Stars'!F:F, B30) -> 191 | I30: {=INDEX(Settings!K$2:K$72, ROW())} -> GREEN | J30: =VLOOKUP(I30, Settings!$A$3:$C$12, 3, FALSE) -> PRODIGY | K30: {=INDEX('BACKEND 1'!$V$28:$AK$38, MATCH(I30, 'BACKEND 1'!$V$28:$V$38, 0), MATCH(B30, 'BACKEND 1'!$V$28:$AK$28, 0))} -> 4 | L30: {=IFERROR(IF(D30=0,"-",INDEX('BACKEND 1'!$V$54:$AF$64, MATCH(D30, 'BACKEND 1'!$V$54:$V$64, 0), MATCH(K30, 'BACKEND 1'!$V$54:$AF$54, 0))),"-")} -> 17.535534 | M30: =_xlfn.RANK.EQ(L30,L27:L31,1) -> 5 | N30: =IF(G30 > H30, F30, IF(H30 > G30, I30, "Tie")) -> GREEN | O30: =IF(G30 < H30, F30, IF(H30 < G30, I30, "Tie")) -> KINGS | P30: =IF(G30=0,"",IF(Q30 > 40, "YES", "")) | Q30: =IF(G30=0,"-",ABS(G30 - H30)) -> 36.84 | R30: =IF(G30=0,"-",G30 + H30) -> 345.16 | S30: =IF(AND(L30 <> 0, L30 = MINIFS(L$2:L$72, B$2:B$72, B30)), "MOTW", "") | U30: =IF(OR(AND(K30>D30,H30>G30),AND(D30>K30, G30>H30)), "UPSET", "") | V30: 6 | W30: =IF(OR(N30=F30,N30=H30),1,0) -> 0 | X30: =IF(OR(N30="POPEYES"), IF(ROW()=2,1,IF(N29="POPEYES",X29+1,1)), 0) -> 0 | AH30: =IFERROR(IF(G30=0,"-",_xlfn.RANK.EQ(Q30,$Q:$Q,1)+(COUNTIFS(Q:Q, Q30, G:G, ">" & G30))),"ERROR") -> 39 | AI30: =IFERROR(IF(G30=0,"-",_xlfn.RANK.EQ(Q30,$Q:$Q,0)+(COUNTIFS(Q:Q, Q30, AK:AK, "<" & AK30))),"ERROR") -> 32 | AJ30: =IFERROR(IF(G30=0,"-",_xlfn.RANK.EQ(R30,$R:$R,1)+(COUNTIFS(R:R, R30, AH:AH, "<" & AH30))),"ERROR") -> 52 | AK30: =IFERROR(IF(G30=0,"-",_xlfn.RANK.EQ(R30,$R:$R,0)+(COUNTIFS(R:R, R30, AH:AH, "<" & AH30))),"ERROR") -> 19 | AL30: =IFERROR(IF(G30=0,"-",AVERAGE(AH30,AK30)),"UPCOMING") -> 29 | AM30: =IFERROR(IF(G30=0,"-",_xlfn.RANK.EQ(AL30,AL:AL,1)+(COUNTIFS(AL:AL,AL30,AH:AH,"<"&AH30))),"UPCOMING") -> 24 | AN30: =IFERROR(IF(G30=0,"-",_xlfn.RANK.EQ(AL30,AL:AL,0)+(COUNTIFS(AL:AL,AL30,AI:AI,"<"&AI30))),"UPCOMING") -> 47 | AO30: =IFERROR(IF((AND(G30<>0, S30="MOTW")),AVERAGE(AH30,AK30),"-"),"UPCOMING") -> - | AP30: =IFERROR(IF(AND(G30<>0, S30="MOTW"), _xlfn.RANK.EQ(AO30, AO:AO, 1) + COUNTIFS(AO:AO, AO30, AH:AH, "<" & AH30), "UPCOMING"), "-") -> UPCOMING | AQ30: =_xlfn.RANK.EQ(L30,$L$2:$L$70,1)+COUNTIFS($L$2:$L$70,L30,$AM$2:$AM$70,"<"&AM30) -> 57 | AR30: =IFERROR(IF(AND(G30<>0, U30="UPSET"), L30,"NO UPSET"),"-") -> NO UPSET | AS30: =IFERROR(IF(AL30="NO UPSET","-",_xlfn.RANK.EQ(AR30,$AR$2:$AR$70,0)+COUNTIFS($AR$2:$AR$70,AR30,$AL$2:$AL$70,"<"&AL30)),"-") -> - | AV30: 4 | AW30: =INDEX($Q:$Q, MATCH(AV22,$AI:$AI,0)) -> 79.69 | AX30: =Settings!$R$3 -> 2025 | AY30: =INDEX($B:$B, MATCH(AV22,$AI:$AI,0)) -> WEEK 2 | AZ30: =INDEX($N:$N, MATCH(AV30,$AI:$AI,0)) -> MUTTS | BA30: =INDEX($O:$O, MATCH(AV30,$AI:$AI,0)) -> CHAMPS | BB30: {=Settings!$R$3 & " REG, PVE FFL GAME " & INDEX($A:$A, MATCH(AV30,$AI:$AI,0))} -> 2025 REG, PVE FFL GAME 7 | BC30: =INDEX($S:$S, MATCH(AV30,$AI:$AI,0)) -> MOTW
A31: 30 | B31: {=INDEX(Settings!H$2:H$72, ROW())} -> WEEK 6 | C31: {=INDEX(Settings!I$2:I$72, ROW())} -> GAME 5 | D31: {=INDEX('BACKEND 1'!$V$28:$AK$38, MATCH(F31, 'BACKEND 1'!$V$28:$V$38, 0), MATCH(B31, 'BACKEND 1'!$V$28:$AK$28, 0))} -> 7 | E31: =VLOOKUP(F31, Settings!$A$3:$C$12, 3, FALSE) -> PRODIGY | F31: {=INDEX(Settings!J$2:J$72, ROW())} -> SAVAGES | G31: =SUMIFS('All-Stars'!E:E, 'All-Stars'!B:B, F31, 'All-Stars'!F:F, B31) -> 154.82 | H31: =SUMIFS('All-Stars'!E:E, 'All-Stars'!B:B, I31, 'All-Stars'!F:F, B31) -> 153.82 | I31: {=INDEX(Settings!K$2:K$72, ROW())} -> METAMOOKDAWGS | J31: =VLOOKUP(I31, Settings!$A$3:$C$12, 3, FALSE) -> ESTEEMED | K31: {=INDEX('BACKEND 1'!$V$28:$AK$38, MATCH(I31, 'BACKEND 1'!$V$28:$V$38, 0), MATCH(B31, 'BACKEND 1'!$V$28:$AK$28, 0))} -> 8 | L31: {=IFERROR(IF(D31=0,"-",INDEX('BACKEND 1'!$V$54:$AF$64, MATCH(D31, 'BACKEND 1'!$V$54:$V$64, 0), MATCH(K31, 'BACKEND 1'!$V$54:$AF$54, 0))),"-")} -> 9.7071068 | M31: =_xlfn.RANK.EQ(L31,L27:L31,1) -> 2 | N31: =IF(G31 > H31, F31, IF(H31 > G31, I31, "Tie")) -> SAVAGES | O31: =IF(G31 < H31, F31, IF(H31 < G31, I31, "Tie")) -> METAMOOKDAWGS | P31: =IF(G31=0,"",IF(Q31 > 40, "YES", "")) | Q31: =IF(G31=0,"-",ABS(G31 - H31)) -> 1 | R31: =IF(G31=0,"-",G31 + H31) -> 308.64 | S31: =IF(AND(L31 <> 0, L31 = MINIFS(L$2:L$72, B$2:B$72, B31)), "MOTW", "") | U31: =IF(OR(AND(K31>D31,H31>G31),AND(D31>K31, G31>H31)), "UPSET", "") | V31: 6 | W31: =IF(OR(N31=F31,N31=H31),1,0) -> 1 | X31: =IF(OR(N31="POPEYES"), IF(ROW()=2,1,IF(N30="POPEYES",X30+1,1)), 0) -> 0 | AH31: =IFERROR(IF(G31=0,"-",_xlfn.RANK.EQ(Q31,$Q:$Q,1)+(COUNTIFS(Q:Q, Q31, G:G, ">" & G31))),"ERROR") -> 2 | AI31: =IFERROR(IF(G31=0,"-",_xlfn.RANK.EQ(Q31,$Q:$Q,0)+(COUNTIFS(Q:Q, Q31, AK:AK, "<" & AK31))),"ERROR") -> 69 | AJ31: =IFERROR(IF(G31=0,"-",_xlfn.RANK.EQ(R31,$R:$R,1)+(COUNTIFS(R:R, R31, AH:AH, "<" & AH31))),"ERROR") -> 27 | AK31: =IFERROR(IF(G31=0,"-",_xlfn.RANK.EQ(R31,$R:$R,0)+(COUNTIFS(R:R, R31, AH:AH, "<" & AH31))),"ERROR") -> 44 | AL31: =IFERROR(IF(G31=0,"-",AVERAGE(AH31,AK31)),"UPCOMING") -> 23 | AM31: =IFERROR(IF(G31=0,"-",_xlfn.RANK.EQ(AL31,AL:AL,1)+(COUNTIFS(AL:AL,AL31,AH:AH,"<"&AH31))),"UPCOMING") -> 12 | AN31: =IFERROR(IF(G31=0,"-",_xlfn.RANK.EQ(AL31,AL:AL,0)+(COUNTIFS(AL:AL,AL31,AI:AI,"<"&AI31))),"UPCOMING") -> 59 | AO31: =IFERROR(IF((AND(G31<>0, S31="MOTW")),AVERAGE(AH31,AK31),"-"),"UPCOMING") -> - | AP31: =IFERROR(IF(AND(G31<>0, S31="MOTW"), _xlfn.RANK.EQ(AO31, AO:AO, 1) + COUNTIFS(AO:AO, AO31, AH:AH, "<" & AH31), "UPCOMING"), "-") -> UPCOMING | AQ31: =_xlfn.RANK.EQ(L31,$L$2:$L$70,1)+COUNTIFS($L$2:$L$70,L31,$AM$2:$AM$70,"<"&AM31) -> 18 | AR31: =IFERROR(IF(AND(G31<>0, U31="UPSET"), L31,"NO UPSET"),"-") -> NO UPSET | AS31: =IFERROR(IF(AL31="NO UPSET","-",_xlfn.RANK.EQ(AR31,$AR$2:$AR$70,0)+COUNTIFS($AR$2:$AR$70,AR31,$AL$2:$AL$70,"<"&AL31)),"-") -> - | AV31: 5 | AW31: =INDEX($Q:$Q, MATCH(AV23,$AI:$AI,0)) -> 72.39 | AX31: =Settings!$R$3 -> 2025 | AY31: =INDEX($B:$B, MATCH(AV23,$AI:$AI,0)) -> WEEK 12 | AZ31: =INDEX($N:$N, MATCH(AV31,$AI:$AI,0)) -> DECOUPES | BA31: =INDEX($O:$O, MATCH(AV31,$AI:$AI,0)) -> METAMOOKDAWGS | BB31: {=Settings!$R$3 & " REG, PVE FFL GAME " & INDEX($A:$A, MATCH(AV31,$AI:$AI,0))} -> 2025 REG, PVE FFL GAME 58 | BC31: =INDEX($S:$S, MATCH(AV31,$AI:$AI,0))
A32: 31 | B32: {=INDEX(Settings!H$2:H$72, ROW())} -> WEEK 7 | C32: {=INDEX(Settings!I$2:I$72, ROW())} -> GAME 1 | D32: {=INDEX('BACKEND 1'!$V$28:$AK$38, MATCH(F32, 'BACKEND 1'!$V$28:$V$38, 0), MATCH(B32, 'BACKEND 1'!$V$28:$AK$28, 0))} -> 10 | E32: =VLOOKUP(F32, Settings!$A$3:$C$12, 3, FALSE) -> ESTEEMED | F32: {=INDEX(Settings!J$2:J$72, ROW())} -> EAGLES | G32: =SUMIFS('All-Stars'!E:E, 'All-Stars'!B:B, F32, 'All-Stars'!F:F, B32) -> 153.49 | H32: =SUMIFS('All-Stars'!E:E, 'All-Stars'!B:B, I32, 'All-Stars'!F:F, B32) -> 131.61 | I32: {=INDEX(Settings!K$2:K$72, ROW())} -> YARDIES | J32: =VLOOKUP(I32, Settings!$A$3:$C$12, 3, FALSE) -> ESTEEMED | K32: {=INDEX('BACKEND 1'!$V$28:$AK$38, MATCH(I32, 'BACKEND 1'!$V$28:$V$38, 0), MATCH(B32, 'BACKEND 1'!$V$28:$AK$28, 0))} -> 3 | L32: {=IFERROR(IF(D32=0,"-",INDEX('BACKEND 1'!$V$54:$AF$64, MATCH(D32, 'BACKEND 1'!$V$54:$V$64, 0), MATCH(K32, 'BACKEND 1'!$V$54:$AF$54, 0))),"-")} -> 21.949747 | M32: =_xlfn.RANK.EQ(L32,L32:L36,1) -> 5 | N32: =IF(G32 > H32, F32, IF(H32 > G32, I32, "Tie")) -> EAGLES | O32: =IF(G32 < H32, F32, IF(H32 < G32, I32, "Tie")) -> YARDIES | P32: =IF(G32=0,"",IF(Q32 > 40, "YES", "")) | Q32: =IF(G32=0,"-",ABS(G32 - H32)) -> 21.88 | R32: =IF(G32=0,"-",G32 + H32) -> 285.1 | S32: =IF(AND(L32 <> 0, L32 = MINIFS(L$2:L$72, B$2:B$72, B32)), "MOTW", "") | U32: =IF(OR(AND(K32>D32,H32>G32),AND(D32>K32, G32>H32)), "UPSET", "") -> UPSET | V32: 7 | W32: =IF(OR(N32=F32,N32=H32),1,0) -> 1 | X32: =IF(OR(N32="POPEYES"), IF(ROW()=2,1,IF(N31="POPEYES",X31+1,1)), 0) -> 0 | AH32: =IFERROR(IF(G32=0,"-",_xlfn.RANK.EQ(Q32,$Q:$Q,1)+(COUNTIFS(Q:Q, Q32, G:G, ">" & G32))),"ERROR") -> 18 | AI32: =IFERROR(IF(G32=0,"-",_xlfn.RANK.EQ(Q32,$Q:$Q,0)+(COUNTIFS(Q:Q, Q32, AK:AK, "<" & AK32))),"ERROR") -> 53 | AJ32: =IFERROR(IF(G32=0,"-",_xlfn.RANK.EQ(R32,$R:$R,1)+(COUNTIFS(R:R, R32, AH:AH, "<" & AH32))),"ERROR") -> 14 | AK32: =IFERROR(IF(G32=0,"-",_xlfn.RANK.EQ(R32,$R:$R,0)+(COUNTIFS(R:R, R32, AH:AH, "<" & AH32))),"ERROR") -> 57 | AL32: =IFERROR(IF(G32=0,"-",AVERAGE(AH32,AK32)),"UPCOMING") -> 37.5 | AM32: =IFERROR(IF(G32=0,"-",_xlfn.RANK.EQ(AL32,AL:AL,1)+(COUNTIFS(AL:AL,AL32,AH:AH,"<"&AH32))),"UPCOMING") -> 40 | AN32: =IFERROR(IF(G32=0,"-",_xlfn.RANK.EQ(AL32,AL:AL,0)+(COUNTIFS(AL:AL,AL32,AI:AI,"<"&AI32))),"UPCOMING") -> 31 | AO32: =IFERROR(IF((AND(G32<>0, S32="MOTW")),AVERAGE(AH32,AK32),"-"),"UPCOMING") -> - | AP32: =IFERROR(IF(AND(G32<>0, S32="MOTW"), _xlfn.RANK.EQ(AO32, AO:AO, 1) + COUNTIFS(AO:AO, AO32, AH:AH, "<" & AH32), "UPCOMING"), "-") -> UPCOMING | AQ32: =_xlfn.RANK.EQ(L32,$L$2:$L$70,1)+COUNTIFS($L$2:$L$70,L32,$AM$2:$AM$70,"<"&AM32) -> 66 | AR32: =IFERROR(IF(AND(G32<>0, U32="UPSET"), L32,"NO UPSET"),"-") -> 21.949747 | AS32: =IFERROR(IF(AL32="NO UPSET","-",_xlfn.RANK.EQ(AR32,$AR$2:$AR$70,0)+COUNTIFS($AR$2:$AR$70,AR32,$AL$2:$AL$70,"<"&AL32)),"-") -> 2
A33: 32 | B33: {=INDEX(Settings!H$2:H$72, ROW())} -> WEEK 7 | C33: {=INDEX(Settings!I$2:I$72, ROW())} -> GAME 2 | D33: {=INDEX('BACKEND 1'!$V$28:$AK$38, MATCH(F33, 'BACKEND 1'!$V$28:$V$38, 0), MATCH(B33, 'BACKEND 1'!$V$28:$AK$28, 0))} -> 7 | E33: =VLOOKUP(F33, Settings!$A$3:$C$12, 3, FALSE) -> ESTEEMED | F33: {=INDEX(Settings!J$2:J$72, ROW())} -> CHAMPS | G33: =SUMIFS('All-Stars'!E:E, 'All-Stars'!B:B, F33, 'All-Stars'!F:F, B33) -> 169.29 | H33: =SUMIFS('All-Stars'!E:E, 'All-Stars'!B:B, I33, 'All-Stars'!F:F, B33) -> 139.8 | I33: {=INDEX(Settings!K$2:K$72, ROW())} -> METAMOOKDAWGS | J33: =VLOOKUP(I33, Settings!$A$3:$C$12, 3, FALSE) -> ESTEEMED | K33: {=INDEX('BACKEND 1'!$V$28:$AK$38, MATCH(I33, 'BACKEND 1'!$V$28:$V$38, 0), MATCH(B33, 'BACKEND 1'!$V$28:$AK$28, 0))} -> 8 | L33: {=IFERROR(IF(D33=0,"-",INDEX('BACKEND 1'!$V$54:$AF$64, MATCH(D33, 'BACKEND 1'!$V$54:$V$64, 0), MATCH(K33, 'BACKEND 1'!$V$54:$AF$54, 0))),"-")} -> 9.7071068 | M33: =_xlfn.RANK.EQ(L33,L32:L36,1) -> 2 | N33: =IF(G33 > H33, F33, IF(H33 > G33, I33, "Tie")) -> CHAMPS | O33: =IF(G33 < H33, F33, IF(H33 < G33, I33, "Tie")) -> METAMOOKDAWGS | P33: =IF(G33=0,"",IF(Q33 > 40, "YES", "")) | Q33: =IF(G33=0,"-",ABS(G33 - H33)) -> 29.49 | R33: =IF(G33=0,"-",G33 + H33) -> 309.09 | S33: =IF(AND(L33 <> 0, L33 = MINIFS(L$2:L$72, B$2:B$72, B33)), "MOTW", "") | U33: =IF(OR(AND(K33>D33,H33>G33),AND(D33>K33, G33>H33)), "UPSET", "") | V33: 7 | W33: =IF(OR(N33=F33,N33=H33),1,0) -> 1 | X33: =IF(OR(N33="POPEYES"), IF(ROW()=2,1,IF(N32="POPEYES",X32+1,1)), 0) -> 0 | AH33: =IFERROR(IF(G33=0,"-",_xlfn.RANK.EQ(Q33,$Q:$Q,1)+(COUNTIFS(Q:Q, Q33, G:G, ">" & G33))),"ERROR") -> 29 | AI33: =IFERROR(IF(G33=0,"-",_xlfn.RANK.EQ(Q33,$Q:$Q,0)+(COUNTIFS(Q:Q, Q33, AK:AK, "<" & AK33))),"ERROR") -> 42 | AJ33: =IFERROR(IF(G33=0,"-",_xlfn.RANK.EQ(R33,$R:$R,1)+(COUNTIFS(R:R, R33, AH:AH, "<" & AH33))),"ERROR") -> 29 | AK33: =IFERROR(IF(G33=0,"-",_xlfn.RANK.EQ(R33,$R:$R,0)+(COUNTIFS(R:R, R33, AH:AH, "<" & AH33))),"ERROR") -> 42 | AL33: =IFERROR(IF(G33=0,"-",AVERAGE(AH33,AK33)),"UPCOMING") -> 35.5 | AM33: =IFERROR(IF(G33=0,"-",_xlfn.RANK.EQ(AL33,AL:AL,1)+(COUNTIFS(AL:AL,AL33,AH:AH,"<"&AH33))),"UPCOMING") -> 38 | AN33: =IFERROR(IF(G33=0,"-",_xlfn.RANK.EQ(AL33,AL:AL,0)+(COUNTIFS(AL:AL,AL33,AI:AI,"<"&AI33))),"UPCOMING") -> 33 | AO33: =IFERROR(IF((AND(G33<>0, S33="MOTW")),AVERAGE(AH33,AK33),"-"),"UPCOMING") -> - | AP33: =IFERROR(IF(AND(G33<>0, S33="MOTW"), _xlfn.RANK.EQ(AO33, AO:AO, 1) + COUNTIFS(AO:AO, AO33, AH:AH, "<" & AH33), "UPCOMING"), "-") -> UPCOMING | AQ33: =_xlfn.RANK.EQ(L33,$L$2:$L$70,1)+COUNTIFS($L$2:$L$70,L33,$AM$2:$AM$70,"<"&AM33) -> 19 | AR33: =IFERROR(IF(AND(G33<>0, U33="UPSET"), L33,"NO UPSET"),"-") -> NO UPSET | AS33: =IFERROR(IF(AL33="NO UPSET","-",_xlfn.RANK.EQ(AR33,$AR$2:$AR$70,0)+COUNTIFS($AR$2:$AR$70,AR33,$AL$2:$AL$70,"<"&AL33)),"-") -> - | AV33: ="Top 5 " & Settings!$R$3 & " Regular Season Biggest Combined Scores - PVE FFL" -> Top 5 2025 Regular Season Biggest Combined Scores - PVE FFL
A34: 33 | B34: {=INDEX(Settings!H$2:H$72, ROW())} -> WEEK 7 | C34: {=INDEX(Settings!I$2:I$72, ROW())} -> GAME 3 | D34: {=INDEX('BACKEND 1'!$V$28:$AK$38, MATCH(F34, 'BACKEND 1'!$V$28:$V$38, 0), MATCH(B34, 'BACKEND 1'!$V$28:$AK$28, 0))} -> 9 | E34: =VLOOKUP(F34, Settings!$A$3:$C$12, 3, FALSE) -> PRODIGY | F34: {=INDEX(Settings!J$2:J$72, ROW())} -> KINGS | G34: =SUMIFS('All-Stars'!E:E, 'All-Stars'!B:B, F34, 'All-Stars'!F:F, B34) -> 206.24 | H34: =SUMIFS('All-Stars'!E:E, 'All-Stars'!B:B, I34, 'All-Stars'!F:F, B34) -> 156.92 | I34: {=INDEX(Settings!K$2:K$72, ROW())} -> POPEYES | J34: =VLOOKUP(I34, Settings!$A$3:$C$12, 3, FALSE) -> PRODIGY | K34: {=INDEX('BACKEND 1'!$V$28:$AK$38, MATCH(I34, 'BACKEND 1'!$V$28:$V$38, 0), MATCH(B34, 'BACKEND 1'!$V$28:$AK$28, 0))} -> 2 | L34: {=IFERROR(IF(D34=0,"-",INDEX('BACKEND 1'!$V$54:$AF$64, MATCH(D34, 'BACKEND 1'!$V$54:$V$64, 0), MATCH(K34, 'BACKEND 1'!$V$54:$AF$54, 0))),"-")} -> 20.949747 | M34: =_xlfn.RANK.EQ(L34,L32:L36,1) -> 4 | N34: =IF(G34 > H34, F34, IF(H34 > G34, I34, "Tie")) -> KINGS | O34: =IF(G34 < H34, F34, IF(H34 < G34, I34, "Tie")) -> POPEYES | P34: =IF(G34=0,"",IF(Q34 > 40, "YES", "")) -> YES | Q34: =IF(G34=0,"-",ABS(G34 - H34)) -> 49.32 | R34: =IF(G34=0,"-",G34 + H34) -> 363.16 | S34: =IF(AND(L34 <> 0, L34 = MINIFS(L$2:L$72, B$2:B$72, B34)), "MOTW", "") | U34: =IF(OR(AND(K34>D34,H34>G34),AND(D34>K34, G34>H34)), "UPSET", "") -> UPSET | V34: 7 | W34: =IF(OR(N34=F34,N34=H34),1,0) -> 1 | X34: =IF(OR(N34="POPEYES"), IF(ROW()=2,1,IF(N33="POPEYES",X33+1,1)), 0) -> 0 | AH34: =IFERROR(IF(G34=0,"-",_xlfn.RANK.EQ(Q34,$Q:$Q,1)+(COUNTIFS(Q:Q, Q34, G:G, ">" & G34))),"ERROR") -> 53 | AI34: =IFERROR(IF(G34=0,"-",_xlfn.RANK.EQ(Q34,$Q:$Q,0)+(COUNTIFS(Q:Q, Q34, AK:AK, "<" & AK34))),"ERROR") -> 18 | AJ34: =IFERROR(IF(G34=0,"-",_xlfn.RANK.EQ(R34,$R:$R,1)+(COUNTIFS(R:R, R34, AH:AH, "<" & AH34))),"ERROR") -> 57 | AK34: =IFERROR(IF(G34=0,"-",_xlfn.RANK.EQ(R34,$R:$R,0)+(COUNTIFS(R:R, R34, AH:AH, "<" & AH34))),"ERROR") -> 14 | AL34: =IFERROR(IF(G34=0,"-",AVERAGE(AH34,AK34)),"UPCOMING") -> 33.5 | AM34: =IFERROR(IF(G34=0,"-",_xlfn.RANK.EQ(AL34,AL:AL,1)+(COUNTIFS(AL:AL,AL34,AH:AH,"<"&AH34))),"UPCOMING") -> 32 | AN34: =IFERROR(IF(G34=0,"-",_xlfn.RANK.EQ(AL34,AL:AL,0)+(COUNTIFS(AL:AL,AL34,AI:AI,"<"&AI34))),"UPCOMING") -> 39 | AO34: =IFERROR(IF((AND(G34<>0, S34="MOTW")),AVERAGE(AH34,AK34),"-"),"UPCOMING") -> - | AP34: =IFERROR(IF(AND(G34<>0, S34="MOTW"), _xlfn.RANK.EQ(AO34, AO:AO, 1) + COUNTIFS(AO:AO, AO34, AH:AH, "<" & AH34), "UPCOMING"), "-") -> UPCOMING | AQ34: =_xlfn.RANK.EQ(L34,$L$2:$L$70,1)+COUNTIFS($L$2:$L$70,L34,$AM$2:$AM$70,"<"&AM34) -> 64 | AR34: =IFERROR(IF(AND(G34<>0, U34="UPSET"), L34,"NO UPSET"),"-") -> 20.949747 | AS34: =IFERROR(IF(AL34="NO UPSET","-",_xlfn.RANK.EQ(AR34,$AR$2:$AR$70,0)+COUNTIFS($AR$2:$AR$70,AR34,$AL$2:$AL$70,"<"&AL34)),"-") -> 4 | AV34: Top 5 | AW34: Combined Score | AX34: Year | AY34: Week | AZ34: Winner | BA34: Opposing Team | BB34: Game Ref # | BC34: MOTW
A35: 34 | B35: {=INDEX(Settings!H$2:H$72, ROW())} -> WEEK 7 | C35: {=INDEX(Settings!I$2:I$72, ROW())} -> GAME 4 | D35: {=INDEX('BACKEND 1'!$V$28:$AK$38, MATCH(F35, 'BACKEND 1'!$V$28:$V$38, 0), MATCH(B35, 'BACKEND 1'!$V$28:$AK$28, 0))} -> 5 | E35: =VLOOKUP(F35, Settings!$A$3:$C$12, 3, FALSE) -> PRODIGY | F35: {=INDEX(Settings!J$2:J$72, ROW())} -> DECOUPES | G35: =SUMIFS('All-Stars'!E:E, 'All-Stars'!B:B, F35, 'All-Stars'!F:F, B35) -> 215.41 | H35: =SUMIFS('All-Stars'!E:E, 'All-Stars'!B:B, I35, 'All-Stars'!F:F, B35) -> 173.25 | I35: {=INDEX(Settings!K$2:K$72, ROW())} -> MUTTS | J35: =VLOOKUP(I35, Settings!$A$3:$C$12, 3, FALSE) -> ESTEEMED | K35: {=INDEX('BACKEND 1'!$V$28:$AK$38, MATCH(I35, 'BACKEND 1'!$V$28:$V$38, 0), MATCH(B35, 'BACKEND 1'!$V$28:$AK$28, 0))} -> 1 | L35: {=IFERROR(IF(D35=0,"-",INDEX('BACKEND 1'!$V$54:$AF$64, MATCH(D35, 'BACKEND 1'!$V$54:$V$64, 0), MATCH(K35, 'BACKEND 1'!$V$54:$AF$54, 0))),"-")} -> 11.828427 | M35: =_xlfn.RANK.EQ(L35,L32:L36,1) -> 3 | N35: =IF(G35 > H35, F35, IF(H35 > G35, I35, "Tie")) -> DECOUPES | O35: =IF(G35 < H35, F35, IF(H35 < G35, I35, "Tie")) -> MUTTS | P35: =IF(G35=0,"",IF(Q35 > 40, "YES", "")) -> YES | Q35: =IF(G35=0,"-",ABS(G35 - H35)) -> 42.16 | R35: =IF(G35=0,"-",G35 + H35) -> 388.66 | S35: =IF(AND(L35 <> 0, L35 = MINIFS(L$2:L$72, B$2:B$72, B35)), "MOTW", "") | U35: =IF(OR(AND(K35>D35,H35>G35),AND(D35>K35, G35>H35)), "UPSET", "") -> UPSET | V35: 7 | W35: =IF(OR(N35=F35,N35=H35),1,0) -> 1 | X35: =IF(OR(N35="POPEYES"), IF(ROW()=2,1,IF(N34="POPEYES",X34+1,1)), 0) -> 0 | AH35: =IFERROR(IF(G35=0,"-",_xlfn.RANK.EQ(Q35,$Q:$Q,1)+(COUNTIFS(Q:Q, Q35, G:G, ">" & G35))),"ERROR") -> 46 | AI35: =IFERROR(IF(G35=0,"-",_xlfn.RANK.EQ(Q35,$Q:$Q,0)+(COUNTIFS(Q:Q, Q35, AK:AK, "<" & AK35))),"ERROR") -> 25 | AJ35: =IFERROR(IF(G35=0,"-",_xlfn.RANK.EQ(R35,$R:$R,1)+(COUNTIFS(R:R, R35, AH:AH, "<" & AH35))),"ERROR") -> 67 | AK35: =IFERROR(IF(G35=0,"-",_xlfn.RANK.EQ(R35,$R:$R,0)+(COUNTIFS(R:R, R35, AH:AH, "<" & AH35))),"ERROR") -> 4 | AL35: =IFERROR(IF(G35=0,"-",AVERAGE(AH35,AK35)),"UPCOMING") -> 25 | AM35: =IFERROR(IF(G35=0,"-",_xlfn.RANK.EQ(AL35,AL:AL,1)+(COUNTIFS(AL:AL,AL35,AH:AH,"<"&AH35))),"UPCOMING") -> 16 | AN35: =IFERROR(IF(G35=0,"-",_xlfn.RANK.EQ(AL35,AL:AL,0)+(COUNTIFS(AL:AL,AL35,AI:AI,"<"&AI35))),"UPCOMING") -> 55 | AO35: =IFERROR(IF((AND(G35<>0, S35="MOTW")),AVERAGE(AH35,AK35),"-"),"UPCOMING") -> - | AP35: =IFERROR(IF(AND(G35<>0, S35="MOTW"), _xlfn.RANK.EQ(AO35, AO:AO, 1) + COUNTIFS(AO:AO, AO35, AH:AH, "<" & AH35), "UPCOMING"), "-") -> UPCOMING | AQ35: =_xlfn.RANK.EQ(L35,$L$2:$L$70,1)+COUNTIFS($L$2:$L$70,L35,$AM$2:$AM$70,"<"&AM35) -> 32 | AR35: =IFERROR(IF(AND(G35<>0, U35="UPSET"), L35,"NO UPSET"),"-") -> 11.828427 | AS35: =IFERROR(IF(AL35="NO UPSET","-",_xlfn.RANK.EQ(AR35,$AR$2:$AR$70,0)+COUNTIFS($AR$2:$AR$70,AR35,$AL$2:$AL$70,"<"&AL35)),"-") -> 17 | AV35: 1 | AW35: =INDEX($R:$R, MATCH(AV35,$AK:$AK,0)) -> 422.51 | AX35: =Settings!$R$3 -> 2025 | AY35: =INDEX($B:$B, MATCH(AV35,$AK:$AK,0)) -> WEEK 12 | AZ35: =INDEX($N:$N, MATCH(AV35,$AK:$AK,0)) -> DECOUPES | BA35: =INDEX($O:$O, MATCH(AV35,$AK:$AK,0)) -> METAMOOKDAWGS | BB35: {=Settings!$R$3 & " REG, PVE FFL GAME " & INDEX($A:$A, MATCH(AV35,$AK:$AK,0))} -> 2025 REG, PVE FFL GAME 58 | BC35: =INDEX($S:$S, MATCH(AV35,$AK:$AK,0))
A36: 35 | B36: {=INDEX(Settings!H$2:H$72, ROW())} -> WEEK 7 | C36: {=INDEX(Settings!I$2:I$72, ROW())} -> GAME 5 | D36: {=INDEX('BACKEND 1'!$V$28:$AK$38, MATCH(F36, 'BACKEND 1'!$V$28:$V$38, 0), MATCH(B36, 'BACKEND 1'!$V$28:$AK$28, 0))} -> 6 | E36: =VLOOKUP(F36, Settings!$A$3:$C$12, 3, FALSE) -> PRODIGY | F36: {=INDEX(Settings!J$2:J$72, ROW())} -> SAVAGES | G36: =SUMIFS('All-Stars'!E:E, 'All-Stars'!B:B, F36, 'All-Stars'!F:F, B36) -> 163.44 | H36: =SUMIFS('All-Stars'!E:E, 'All-Stars'!B:B, I36, 'All-Stars'!F:F, B36) -> 216.6 | I36: {=INDEX(Settings!K$2:K$72, ROW())} -> GREEN | J36: =VLOOKUP(I36, Settings!$A$3:$C$12, 3, FALSE) -> PRODIGY | K36: {=INDEX('BACKEND 1'!$V$28:$AK$38, MATCH(I36, 'BACKEND 1'!$V$28:$V$38, 0), MATCH(B36, 'BACKEND 1'!$V$28:$AK$28, 0))} -> 4 | L36: {=IFERROR(IF(D36=0,"-",INDEX('BACKEND 1'!$V$54:$AF$64, MATCH(D36, 'BACKEND 1'!$V$54:$V$64, 0), MATCH(K36, 'BACKEND 1'!$V$54:$AF$54, 0))),"-")} -> 9.4142136 | M36: =_xlfn.RANK.EQ(L36,L32:L36,1) -> 1 | N36: =IF(G36 > H36, F36, IF(H36 > G36, I36, "Tie")) -> GREEN | O36: =IF(G36 < H36, F36, IF(H36 < G36, I36, "Tie")) -> SAVAGES | P36: =IF(G36=0,"",IF(Q36 > 40, "YES", "")) -> YES | Q36: =IF(G36=0,"-",ABS(G36 - H36)) -> 53.16 | R36: =IF(G36=0,"-",G36 + H36) -> 380.04 | S36: =IF(AND(L36 <> 0, L36 = MINIFS(L$2:L$72, B$2:B$72, B36)), "MOTW", "") -> MOTW | U36: =IF(OR(AND(K36>D36,H36>G36),AND(D36>K36, G36>H36)), "UPSET", "") | V36: 7 | W36: =IF(OR(N36=F36,N36=H36),1,0) -> 0 | X36: =IF(OR(N36="POPEYES"), IF(ROW()=2,1,IF(N35="POPEYES",X35+1,1)), 0) -> 0 | AH36: =IFERROR(IF(G36=0,"-",_xlfn.RANK.EQ(Q36,$Q:$Q,1)+(COUNTIFS(Q:Q, Q36, G:G, ">" & G36))),"ERROR") -> 54 | AI36: =IFERROR(IF(G36=0,"-",_xlfn.RANK.EQ(Q36,$Q:$Q,0)+(COUNTIFS(Q:Q, Q36, AK:AK, "<" & AK36))),"ERROR") -> 17 | AJ36: =IFERROR(IF(G36=0,"-",_xlfn.RANK.EQ(R36,$R:$R,1)+(COUNTIFS(R:R, R36, AH:AH, "<" & AH36))),"ERROR") -> 63 | AK36: =IFERROR(IF(G36=0,"-",_xlfn.RANK.EQ(R36,$R:$R,0)+(COUNTIFS(R:R, R36, AH:AH, "<" & AH36))),"ERROR") -> 8 | AL36: =IFERROR(IF(G36=0,"-",AVERAGE(AH36,AK36)),"UPCOMING") -> 31 | AM36: =IFERROR(IF(G36=0,"-",_xlfn.RANK.EQ(AL36,AL:AL,1)+(COUNTIFS(AL:AL,AL36,AH:AH,"<"&AH36))),"UPCOMING") -> 26 | AN36: =IFERROR(IF(G36=0,"-",_xlfn.RANK.EQ(AL36,AL:AL,0)+(COUNTIFS(AL:AL,AL36,AI:AI,"<"&AI36))),"UPCOMING") -> 45 | AO36: =IFERROR(IF((AND(G36<>0, S36="MOTW")),AVERAGE(AH36,AK36),"-"),"UPCOMING") -> 31 | AP36: =IFERROR(IF(AND(G36<>0, S36="MOTW"), _xlfn.RANK.EQ(AO36, AO:AO, 1) + COUNTIFS(AO:AO, AO36, AH:AH, "<" & AH36), "UPCOMING"), "-") -> 8 | AQ36: =_xlfn.RANK.EQ(L36,$L$2:$L$70,1)+COUNTIFS($L$2:$L$70,L36,$AM$2:$AM$70,"<"&AM36) -> 17 | AR36: =IFERROR(IF(AND(G36<>0, U36="UPSET"), L36,"NO UPSET"),"-") -> NO UPSET | AS36: =IFERROR(IF(AL36="NO UPSET","-",_xlfn.RANK.EQ(AR36,$AR$2:$AR$70,0)+COUNTIFS($AR$2:$AR$70,AR36,$AL$2:$AL$70,"<"&AL36)),"-") -> - | AV36: 2 | AW36: =INDEX($R:$R, MATCH(AV36,$AK:$AK,0)) -> 398.07 | AX36: =Settings!$R$3 -> 2025 | AY36: =INDEX($B:$B, MATCH(AV36,$AK:$AK,0)) -> WEEK 3 | AZ36: =INDEX($N:$N, MATCH(AV36,$AK:$AK,0)) -> METAMOOKDAWGS | BA36: =INDEX($O:$O, MATCH(AV36,$AK:$AK,0)) -> KINGS | BB36: {=Settings!$R$3 & " REG, PVE FFL GAME " & INDEX($A:$A, MATCH(AV36,$AK:$AK,0))} -> 2025 REG, PVE FFL GAME 11 | BC36: =INDEX($S:$S, MATCH(AV36,$AK:$AK,0))
A37: 36 | B37: {=INDEX(Settings!H$2:H$72, ROW())} -> WEEK 8 | C37: {=INDEX(Settings!I$2:I$72, ROW())} -> GAME 1 | D37: {=INDEX('BACKEND 1'!$V$28:$AK$38, MATCH(F37, 'BACKEND 1'!$V$28:$V$38, 0), MATCH(B37, 'BACKEND 1'!$V$28:$AK$28, 0))} -> 7 | E37: =VLOOKUP(F37, Settings!$A$3:$C$12, 3, FALSE) -> PRODIGY | F37: {=INDEX(Settings!J$2:J$72, ROW())} -> SAVAGES | G37: =SUMIFS('All-Stars'!E:E, 'All-Stars'!B:B, F37, 'All-Stars'!F:F, B37) -> 123.41 | H37: =SUMIFS('All-Stars'!E:E, 'All-Stars'!B:B, I37, 'All-Stars'!F:F, B37) -> 165.17 | I37: {=INDEX(Settings!K$2:K$72, ROW())} -> KINGS | J37: =VLOOKUP(I37, Settings!$A$3:$C$12, 3, FALSE) -> PRODIGY | K37: {=INDEX('BACKEND 1'!$V$28:$AK$38, MATCH(I37, 'BACKEND 1'!$V$28:$V$38, 0), MATCH(B37, 'BACKEND 1'!$V$28:$AK$28, 0))} -> 8 | L37: {=IFERROR(IF(D37=0,"-",INDEX('BACKEND 1'!$V$54:$AF$64, MATCH(D37, 'BACKEND 1'!$V$54:$V$64, 0), MATCH(K37, 'BACKEND 1'!$V$54:$AF$54, 0))),"-")} -> 9.7071068 | M37: =_xlfn.RANK.EQ(L37,L37:L41,1) -> 3 | N37: =IF(G37 > H37, F37, IF(H37 > G37, I37, "Tie")) -> KINGS | O37: =IF(G37 < H37, F37, IF(H37 < G37, I37, "Tie")) -> SAVAGES | P37: =IF(G37=0,"",IF(Q37 > 40, "YES", "")) -> YES | Q37: =IF(G37=0,"-",ABS(G37 - H37)) -> 41.76 | R37: =IF(G37=0,"-",G37 + H37) -> 288.58 | S37: =IF(AND(L37 <> 0, L37 = MINIFS(L$2:L$72, B$2:B$72, B37)), "MOTW", "") | U37: =IF(OR(AND(K37>D37,H37>G37),AND(D37>K37, G37>H37)), "UPSET", "") -> UPSET | V37: 8 | W37: =IF(OR(N37=F37,N37=H37),1,0) -> 0 | X37: =IF(OR(N37="POPEYES"), IF(ROW()=2,1,IF(N36="POPEYES",X36+1,1)), 0) -> 0 | AH37: =IFERROR(IF(G37=0,"-",_xlfn.RANK.EQ(Q37,$Q:$Q,1)+(COUNTIFS(Q:Q, Q37, G:G, ">" & G37))),"ERROR") -> 44 | AI37: =IFERROR(IF(G37=0,"-",_xlfn.RANK.EQ(Q37,$Q:$Q,0)+(COUNTIFS(Q:Q, Q37, AK:AK, "<" & AK37))),"ERROR") -> 27 | AJ37: =IFERROR(IF(G37=0,"-",_xlfn.RANK.EQ(R37,$R:$R,1)+(COUNTIFS(R:R, R37, AH:AH, "<" & AH37))),"ERROR") -> 16 | AK37: =IFERROR(IF(G37=0,"-",_xlfn.RANK.EQ(R37,$R:$R,0)+(COUNTIFS(R:R, R37, AH:AH, "<" & AH37))),"ERROR") -> 55 | AL37: =IFERROR(IF(G37=0,"-",AVERAGE(AH37,AK37)),"UPCOMING") -> 49.5 | AM37: =IFERROR(IF(G37=0,"-",_xlfn.RANK.EQ(AL37,AL:AL,1)+(COUNTIFS(AL:AL,AL37,AH:AH,"<"&AH37))),"UPCOMING") -> 59 | AN37: =IFERROR(IF(G37=0,"-",_xlfn.RANK.EQ(AL37,AL:AL,0)+(COUNTIFS(AL:AL,AL37,AI:AI,"<"&AI37))),"UPCOMING") -> 12 | AO37: =IFERROR(IF((AND(G37<>0, S37="MOTW")),AVERAGE(AH37,AK37),"-"),"UPCOMING") -> - | AP37: =IFERROR(IF(AND(G37<>0, S37="MOTW"), _xlfn.RANK.EQ(AO37, AO:AO, 1) + COUNTIFS(AO:AO, AO37, AH:AH, "<" & AH37), "UPCOMING"), "-") -> UPCOMING | AQ37: =_xlfn.RANK.EQ(L37,$L$2:$L$70,1)+COUNTIFS($L$2:$L$70,L37,$AM$2:$AM$70,"<"&AM37) -> 20 | AR37: =IFERROR(IF(AND(G37<>0, U37="UPSET"), L37,"NO UPSET"),"-") -> 9.7071068 | AS37: =IFERROR(IF(AL37="NO UPSET","-",_xlfn.RANK.EQ(AR37,$AR$2:$AR$70,0)+COUNTIFS($AR$2:$AR$70,AR37,$AL$2:$AL$70,"<"&AL37)),"-") -> 24 | AV37: 3 | AW37: =INDEX($R:$R, MATCH(AV37,$AK:$AK,0)) -> 389.11 | AX37: =Settings!$R$3 -> 2025 | AY37: =INDEX($B:$B, MATCH(AV37,$AK:$AK,0)) -> WEEK 2 | AZ37: =INDEX($N:$N, MATCH(AV37,$AK:$AK,0)) -> MUTTS | BA37: =INDEX($O:$O, MATCH(AV37,$AK:$AK,0)) -> CHAMPS | BB37: {=Settings!$R$3 & " REG, PVE FFL GAME " & INDEX($A:$A, MATCH(AV37,$AK:$AK,0))} -> 2025 REG, PVE FFL GAME 7 | BC37: =INDEX($S:$S, MATCH(AV37,$AK:$AK,0)) -> MOTW
A38: 37 | B38: {=INDEX(Settings!H$2:H$72, ROW())} -> WEEK 8 | C38: {=INDEX(Settings!I$2:I$72, ROW())} -> GAME 2 | D38: {=INDEX('BACKEND 1'!$V$28:$AK$38, MATCH(F38, 'BACKEND 1'!$V$28:$V$38, 0), MATCH(B38, 'BACKEND 1'!$V$28:$AK$28, 0))} -> 2 | E38: =VLOOKUP(F38, Settings!$A$3:$C$12, 3, FALSE) -> PRODIGY | F38: {=INDEX(Settings!J$2:J$72, ROW())} -> GREEN | G38: =SUMIFS('All-Stars'!E:E, 'All-Stars'!B:B, F38, 'All-Stars'!F:F, B38) -> 183.51 | H38: =SUMIFS('All-Stars'!E:E, 'All-Stars'!B:B, I38, 'All-Stars'!F:F, B38) -> 160.86 | I38: {=INDEX(Settings!K$2:K$72, ROW())} -> DECOUPES | J38: =VLOOKUP(I38, Settings!$A$3:$C$12, 3, FALSE) -> PRODIGY | K38: {=INDEX('BACKEND 1'!$V$28:$AK$38, MATCH(I38, 'BACKEND 1'!$V$28:$V$38, 0), MATCH(B38, 'BACKEND 1'!$V$28:$AK$28, 0))} -> 4 | L38: {=IFERROR(IF(D38=0,"-",INDEX('BACKEND 1'!$V$54:$AF$64, MATCH(D38, 'BACKEND 1'!$V$54:$V$64, 0), MATCH(K38, 'BACKEND 1'!$V$54:$AF$54, 0))),"-")} -> 7.4142136 | M38: =_xlfn.RANK.EQ(L38,L37:L41,1) -> 1 | N38: =IF(G38 > H38, F38, IF(H38 > G38, I38, "Tie")) -> GREEN | O38: =IF(G38 < H38, F38, IF(H38 < G38, I38, "Tie")) -> DECOUPES | P38: =IF(G38=0,"",IF(Q38 > 40, "YES", "")) | Q38: =IF(G38=0,"-",ABS(G38 - H38)) -> 22.65 | R38: =IF(G38=0,"-",G38 + H38) -> 344.37 | S38: =IF(AND(L38 <> 0, L38 = MINIFS(L$2:L$72, B$2:B$72, B38)), "MOTW", "") -> MOTW | U38: =IF(OR(AND(K38>D38,H38>G38),AND(D38>K38, G38>H38)), "UPSET", "") | V38: 8 | W38: =IF(OR(N38=F38,N38=H38),1,0) -> 1 | X38: =IF(OR(N38="POPEYES"), IF(ROW()=2,1,IF(N37="POPEYES",X37+1,1)), 0) -> 0 | AH38: =IFERROR(IF(G38=0,"-",_xlfn.RANK.EQ(Q38,$Q:$Q,1)+(COUNTIFS(Q:Q, Q38, G:G, ">" & G38))),"ERROR") -> 19 | AI38: =IFERROR(IF(G38=0,"-",_xlfn.RANK.EQ(Q38,$Q:$Q,0)+(COUNTIFS(Q:Q, Q38, AK:AK, "<" & AK38))),"ERROR") -> 52 | AJ38: =IFERROR(IF(G38=0,"-",_xlfn.RANK.EQ(R38,$R:$R,1)+(COUNTIFS(R:R, R38, AH:AH, "<" & AH38))),"ERROR") -> 50 | AK38: =IFERROR(IF(G38=0,"-",_xlfn.RANK.EQ(R38,$R:$R,0)+(COUNTIFS(R:R, R38, AH:AH, "<" & AH38))),"ERROR") -> 21 | AL38: =IFERROR(IF(G38=0,"-",AVERAGE(AH38,AK38)),"UPCOMING") -> 20 | AM38: =IFERROR(IF(G38=0,"-",_xlfn.RANK.EQ(AL38,AL:AL,1)+(COUNTIFS(AL:AL,AL38,AH:AH,"<"&AH38))),"UPCOMING") -> 10 | AN38: =IFERROR(IF(G38=0,"-",_xlfn.RANK.EQ(AL38,AL:AL,0)+(COUNTIFS(AL:AL,AL38,AI:AI,"<"&AI38))),"UPCOMING") -> 61 | AO38: =IFERROR(IF((AND(G38<>0, S38="MOTW")),AVERAGE(AH38,AK38),"-"),"UPCOMING") -> 20 | AP38: =IFERROR(IF(AND(G38<>0, S38="MOTW"), _xlfn.RANK.EQ(AO38, AO:AO, 1) + COUNTIFS(AO:AO, AO38, AH:AH, "<" & AH38), "UPCOMING"), "-") -> 5 | AQ38: =_xlfn.RANK.EQ(L38,$L$2:$L$70,1)+COUNTIFS($L$2:$L$70,L38,$AM$2:$AM$70,"<"&AM38) -> 9 | AR38: =IFERROR(IF(AND(G38<>0, U38="UPSET"), L38,"NO UPSET"),"-") -> NO UPSET | AS38: =IFERROR(IF(AL38="NO UPSET","-",_xlfn.RANK.EQ(AR38,$AR$2:$AR$70,0)+COUNTIFS($AR$2:$AR$70,AR38,$AL$2:$AL$70,"<"&AL38)),"-") -> - | AV38: 4 | AW38: =INDEX($R:$R, MATCH(AV38,$AK:$AK,0)) -> 388.66 | AX38: =Settings!$R$3 -> 2025 | AY38: =INDEX($B:$B, MATCH(AV38,$AK:$AK,0)) -> WEEK 7 | AZ38: =INDEX($N:$N, MATCH(AV38,$AK:$AK,0)) -> DECOUPES | BA38: =INDEX($O:$O, MATCH(AV38,$AK:$AK,0)) -> MUTTS | BB38: {=Settings!$R$3 & " REG, PVE FFL GAME " & INDEX($A:$A, MATCH(AV38,$AK:$AK,0))} -> 2025 REG, PVE FFL GAME 34 | BC38: =INDEX($S:$S, MATCH(AV38,$AK:$AK,0))
A39: 38 | B39: {=INDEX(Settings!H$2:H$72, ROW())} -> WEEK 8 | C39: {=INDEX(Settings!I$2:I$72, ROW())} -> GAME 3 | D39: {=INDEX('BACKEND 1'!$V$28:$AK$38, MATCH(F39, 'BACKEND 1'!$V$28:$V$38, 0), MATCH(B39, 'BACKEND 1'!$V$28:$AK$28, 0))} -> 5 | E39: =VLOOKUP(F39, Settings!$A$3:$C$12, 3, FALSE) -> ESTEEMED | F39: {=INDEX(Settings!J$2:J$72, ROW())} -> YARDIES | G39: =SUMIFS('All-Stars'!E:E, 'All-Stars'!B:B, F39, 'All-Stars'!F:F, B39) -> 204.31 | H39: =SUMIFS('All-Stars'!E:E, 'All-Stars'!B:B, I39, 'All-Stars'!F:F, B39) -> 175.97 | I39: {=INDEX(Settings!K$2:K$72, ROW())} -> CHAMPS | J39: =VLOOKUP(I39, Settings!$A$3:$C$12, 3, FALSE) -> ESTEEMED | K39: {=INDEX('BACKEND 1'!$V$28:$AK$38, MATCH(I39, 'BACKEND 1'!$V$28:$V$38, 0), MATCH(B39, 'BACKEND 1'!$V$28:$AK$28, 0))} -> 6 | L39: {=IFERROR(IF(D39=0,"-",INDEX('BACKEND 1'!$V$54:$AF$64, MATCH(D39, 'BACKEND 1'!$V$54:$V$64, 0), MATCH(K39, 'BACKEND 1'!$V$54:$AF$54, 0))),"-")} -> 7.7071068 | M39: =_xlfn.RANK.EQ(L39,L37:L41,1) -> 2 | N39: =IF(G39 > H39, F39, IF(H39 > G39, I39, "Tie")) -> YARDIES | O39: =IF(G39 < H39, F39, IF(H39 < G39, I39, "Tie")) -> CHAMPS | P39: =IF(G39=0,"",IF(Q39 > 40, "YES", "")) | Q39: =IF(G39=0,"-",ABS(G39 - H39)) -> 28.34 | R39: =IF(G39=0,"-",G39 + H39) -> 380.28 | S39: =IF(AND(L39 <> 0, L39 = MINIFS(L$2:L$72, B$2:B$72, B39)), "MOTW", "") | U39: =IF(OR(AND(K39>D39,H39>G39),AND(D39>K39, G39>H39)), "UPSET", "") | V39: 8 | W39: =IF(OR(N39=F39,N39=H39),1,0) -> 1 | X39: =IF(OR(N39="POPEYES"), IF(ROW()=2,1,IF(N38="POPEYES",X38+1,1)), 0) -> 0 | AH39: =IFERROR(IF(G39=0,"-",_xlfn.RANK.EQ(Q39,$Q:$Q,1)+(COUNTIFS(Q:Q, Q39, G:G, ">" & G39))),"ERROR") -> 26 | AI39: =IFERROR(IF(G39=0,"-",_xlfn.RANK.EQ(Q39,$Q:$Q,0)+(COUNTIFS(Q:Q, Q39, AK:AK, "<" & AK39))),"ERROR") -> 45 | AJ39: =IFERROR(IF(G39=0,"-",_xlfn.RANK.EQ(R39,$R:$R,1)+(COUNTIFS(R:R, R39, AH:AH, "<" & AH39))),"ERROR") -> 65 | AK39: =IFERROR(IF(G39=0,"-",_xlfn.RANK.EQ(R39,$R:$R,0)+(COUNTIFS(R:R, R39, AH:AH, "<" & AH39))),"ERROR") -> 6 | AL39: =IFERROR(IF(G39=0,"-",AVERAGE(AH39,AK39)),"UPCOMING") -> 16 | AM39: =IFERROR(IF(G39=0,"-",_xlfn.RANK.EQ(AL39,AL:AL,1)+(COUNTIFS(AL:AL,AL39,AH:AH,"<"&AH39))),"UPCOMING") -> 6 | AN39: =IFERROR(IF(G39=0,"-",_xlfn.RANK.EQ(AL39,AL:AL,0)+(COUNTIFS(AL:AL,AL39,AI:AI,"<"&AI39))),"UPCOMING") -> 65 | AO39: =IFERROR(IF((AND(G39<>0, S39="MOTW")),AVERAGE(AH39,AK39),"-"),"UPCOMING") -> - | AP39: =IFERROR(IF(AND(G39<>0, S39="MOTW"), _xlfn.RANK.EQ(AO39, AO:AO, 1) + COUNTIFS(AO:AO, AO39, AH:AH, "<" & AH39), "UPCOMING"), "-") -> UPCOMING | AQ39: =_xlfn.RANK.EQ(L39,$L$2:$L$70,1)+COUNTIFS($L$2:$L$70,L39,$AM$2:$AM$70,"<"&AM39) -> 11 | AR39: =IFERROR(IF(AND(G39<>0, U39="UPSET"), L39,"NO UPSET"),"-") -> NO UPSET | AS39: =IFERROR(IF(AL39="NO UPSET","-",_xlfn.RANK.EQ(AR39,$AR$2:$AR$70,0)+COUNTIFS($AR$2:$AR$70,AR39,$AL$2:$AL$70,"<"&AL39)),"-") -> - | AV39: 5 | AW39: =INDEX($R:$R, MATCH(AV39,$AK:$AK,0)) -> 381.93 | AX39: =Settings!$R$3 -> 2025 | AY39: =INDEX($B:$B, MATCH(AV39,$AK:$AK,0)) -> WEEK 3 | AZ39: =INDEX($N:$N, MATCH(AV39,$AK:$AK,0)) -> POPEYES | BA39: =INDEX($O:$O, MATCH(AV39,$AK:$AK,0)) -> MUTTS | BB39: {=Settings!$R$3 & " REG, PVE FFL GAME " & INDEX($A:$A, MATCH(AV39,$AK:$AK,0))} -> 2025 REG, PVE FFL GAME 12 | BC39: =INDEX($S:$S, MATCH(AV39,$AK:$AK,0)) -> MOTW
